{
	"display": {
		"icon": {
			"id": "minecraft:light_gray_concrete_powder"
		},
		"title": {"translate":"biome.bracken.dark_soot_dunes","fallback":"Dark Soot Dunes"},
		"description": {"color":"white","translate":"description.biome_advancements.bracken.dark_soot_dunes","with": [{"translate": "biome.bracken.sanctum/dark_soot_dunes","fallback":"Dark Soot Dunes"}],"fallback":"Explore %s, it is in Sanctum dimension"},
		"frame": "task",
		"announce_to_chat": true
	},
	"parent": "biome_advancements:bracken_pack/bracken_pack",
	"criteria": {
		"bracken:sanctum/dark_soot_dunes": {
			"trigger": "minecraft:location",
			"conditions": {
				"player": {
					"location": {
						"biomes": "bracken:sanctum/dark_soot_dunes"
					}
				}
			}
		}
	},
	"rewards" :{
		"function" :"biome_advancements:system_use/bracken_pack_get"
	},
	"neoforge:conditions": [
		{
			"type": "neoforge:mod_loaded",
			"modid": "bracken"
		}
	]
}