{
	"display": {
		"icon": {
			"id": "minecraft:cracked_polished_blackstone_bricks"
		},
		"title": {"translate":"biome.bracken.no_mans_land","fallback":"No Mans Land"},
		"description": {"color":"gray","translate":"description.biome_advancements.bracken.no_mans_land","with": [{"translate": "biome.bracken.sanctum/no_mans_land","fallback":"No Mans Land"}],"fallback":"Explore %s, it is in Sanctum dimension"},
		"frame": "task",
		"announce_to_chat": true
	},
	"parent": "biome_advancements:bracken_pack/bracken_pack",
	"criteria": {
		"bracken:sanctum/no_mans_land": {
			"trigger": "minecraft:location",
			"conditions": {
				"player": {
					"location": {
						"biomes": "bracken:sanctum/no_mans_land"
					}
				}
			}
		}
	},
	"rewards" :{
		"function" :"biome_advancements:system_use/bracken_pack_get"
	},
	"neoforge:conditions": [
		{
			"type": "neoforge:mod_loaded",
			"modid": "bracken"
		}
	]
}