{
	"display": {
		"icon": {
			"id": "betterend:helix_tree_leaves"
		},
		"title": {"translate":"biome.betterend.amber_land","fallback":"琥珀之地"},
		"description": {"color":"gold","translate":"description.biome_advancements.betterend.amber_land","with": [{"translate": "biome.betterend.amber_land","fallback":"Amber Land"}],"fallback":"Explore %s"},
		"frame": "task",
		"announce_to_chat": true
	},
	"parent": "biome_advancements:better_end/better_end",
	"criteria": {
		"betterend:amber_land": {
			"trigger": "minecraft:location",
			"conditions": {
				"player": {
					"location": {
						"biomes": "betterend:amber_land"
					}
				}
			}
		}
	},
	"rewards" :{
		"function" :"biome_advancements:system_use/better_end_get"
	},
	"neoforge:conditions": [
		{
			"type": "neoforge:mod_loaded",
			"modid": "betterend"
		}
	]
}