{
	"display": {
		"icon": {
			"id": "betterend:end_mycelium"
		},
		"title": {"translate":"title.biome_advancements.betterend","fallback":"更好的末地"},
		"description": {"color":"yellow","translate":"description.biome_advancements.betterend","fallback":"一个改变了末地的模组"},
		"frame": "task",
		"announce_to_chat": false,
		"show_toast": false,
		"hidden": true
	},
	"parent": "biome_advancements:root/root",
	"criteria": {
		"betterend": {
			"trigger": "minecraft:impossible"
		}
	},
	"rewards" :{
		"function" :"biome_advancements:system_use/root_get"
	}
}