{
	"display": {
		"icon": {
			"id": "betterend:pink_moss"
		},
		"title": {"translate":"biome.betterend.blossoming_spires","fallback":"绽花尖峰"},
		"description": {"color":"light_purple","translate":"description.biome_advancements.betterend.blossoming_spires","with": [{"translate": "biome.betterend.blossoming_spires","fallback":"Blossoming Spires"}],"fallback":"Explore %s"},
		"frame": "task",
		"announce_to_chat": true
	},
	"parent": "biome_advancements:better_end/better_end",
	"criteria": {
		"betterend:blossoming_spires": {
			"trigger": "minecraft:location",
			"conditions": {
				"player": {
					"location": {
						"biomes": "betterend:blossoming_spires"
					}
				}
			}
		}
	},
	"rewards" :{
		"function" :"biome_advancements:system_use/better_end_get"
	},
	"neoforge:conditions": [
		{
			"type": "neoforge:mod_loaded",
			"modid": "betterend"
		}
	]
}