{
	"display": {
		"icon": {
			"id": "betterend:sangnum"
		},
		"title": {"translate":"biome.betterend.dragon_graveyards","fallback":"龙之墓地"},
		"description": {"color":"red","translate":"description.biome_advancements.betterend.dragon_graveyards","with": [{"translate": "biome.betterend.dragon_graveyards","fallback":"Dragon Graveyards"}],"fallback":"Explore %s"},
		"frame": "task",
		"announce_to_chat": true
	},
	"parent": "biome_advancements:better_end/better_end",
	"criteria": {
		"betterend:dragon_graveyards": {
			"trigger": "minecraft:location",
			"conditions": {
				"player": {
					"location": {
						"biomes": "betterend:dragon_graveyards"
					}
				}
			}
		}
	},
	"rewards" :{
		"function" :"biome_advancements:system_use/better_end_get"
	},
	"neoforge:conditions": [
		{
			"type": "neoforge:mod_loaded",
			"modid": "betterend"
		}
	]
}