{
	"display": {
		"icon": {
			"id": "betterend:tail_moss"
		},
		"title": {"translate":"biome.betterend.empty_end_cave","fallback":"空末地洞穴"},
		"description": {"color":"yellow","translate":"description.biome_advancements.betterend.empty_end_cave","with": [{"translate": "biome.betterend.empty_end_cave","fallback":"Empty End Cave"}],"fallback":"Explore %s"},
		"frame": "task",
		"announce_to_chat": true
	},
	"parent": "biome_advancements:better_end/better_end",
	"criteria": {
		"betterend:empty_end_cave": {
			"trigger": "minecraft:location",
			"conditions": {
				"player": {
					"location": {
						"biomes": "betterend:empty_end_cave"
					}
				}
			}
		}
	},
	"rewards" :{
		"function" :"biome_advancements:system_use/better_end_get"
	},
	"neoforge:conditions": [
		{
			"type": "neoforge:mod_loaded",
			"modid": "betterend"
		}
	]
}