{
	"display": {
		"icon": {
			"id": "betterend:mossy_glowshroom_log"
		},
		"title": {"translate":"biome.betterend.foggy_mushroomland","fallback":"雾霭蘑菇林"},
		"description": {"color":"aqua","translate":"description.biome_advancements.betterend.foggy_mushroomland","with": [{"translate": "biome.betterend.foggy_mushroomland","fallback":"Foggy Mushroomland"}],"fallback":"Explore %s"},
		"frame": "task",
		"announce_to_chat": true
	},
	"parent": "biome_advancements:better_end/better_end",
	"criteria": {
		"betterend:foggy_mushroomland": {
			"trigger": "minecraft:location",
			"conditions": {
				"player": {
					"location": {
						"biomes": "betterend:foggy_mushroomland"
					}
				}
			}
		}
	},
	"rewards" :{
		"function" :"biome_advancements:system_use/better_end_get"
	},
	"neoforge:conditions": [
		{
			"type": "neoforge:mod_loaded",
			"modid": "betterend"
		}
	]
}