{
	"display": {
		"icon": {
			"id": "betterend:emerald_ice"
		},
		"title": {"translate":"biome.betterend.ice_starfield","fallback":"冰晶星空"},
		"description": {"color":"blue","translate":"description.biome_advancements.betterend.ice_starfield","with": [{"translate": "biome.betterend.ice_starfield","fallback":"Ice Starfield"}],"fallback":"Explore %s"},
		"frame": "task",
		"announce_to_chat": true
	},
	"parent": "biome_advancements:better_end/better_end",
	"criteria": {
		"betterend:dragon_graveyards": {
			"trigger": "minecraft:location",
			"conditions": {
				"player": {
					"location": {
						"biomes": "betterend:ice_starfield"
					}
				}
			}
		}
	},
	"rewards" :{
		"function" :"biome_advancements:system_use/better_end_get"
	},
	"neoforge:conditions": [
		{
			"type": "neoforge:mod_loaded",
			"modid": "betterend"
		}
	]
}