{
	"display": {
		"icon": {
			"id": "betterend:lucernia_bark"
		},
		"title": {"translate":"biome.betterend.lantern_woods","fallback":"灯笼树林"},
		"description": {"color":"red","translate":"description.biome_advancements.betterend.lantern_woods","with": [{"translate": "biome.betterend.lantern_woods","fallback":"Lantern Woods"}],"fallback":"Explore %s"},
		"frame": "task",
		"announce_to_chat": true
	},
	"parent": "biome_advancements:better_end/better_end",
	"criteria": {
		"betterend:lantern_woods": {
			"trigger": "minecraft:location",
			"conditions": {
				"player": {
					"location": {
						"biomes": "betterend:lantern_woods"
					}
				}
			}
		}
	},
	"rewards" :{
		"function" :"biome_advancements:system_use/better_end_get"
	},
	"neoforge:conditions": [
		{
			"type": "neoforge:mod_loaded",
			"modid": "betterend"
		}
	]
}