{
	"display": {
		"icon": {
			"id": "betterend:cave_moss"
		},
		"title": {"translate":"biome.betterend.lush_aurora_cave","fallback":"繁茂极光洞穴"},
		"description": {"color":"red","translate":"description.biome_advancements.betterend.lush_aurora_cave","with": [{"translate": "biome.betterend.lush_aurora_cave","fallback":"Lush Aurora Cave"}],"fallback":"Explore %s"},
		"frame": "task",
		"announce_to_chat": true
	},
	"parent": "biome_advancements:better_end/empty_aurora_cave",
	"criteria": {
		"betterend:lush_aurora_cave": {
			"trigger": "minecraft:location",
			"conditions": {
				"player": {
					"location": {
						"biomes": "betterend:lush_aurora_cave"
					}
				}
			}
		}
	},
	"rewards" :{
		"function" :"biome_advancements:system_use/better_end_get"
	},
	"neoforge:conditions": [
		{
			"type": "neoforge:mod_loaded",
			"modid": "betterend"
		}
	]
}