{
	"display": {
		"icon": {
			"id": "betterend:lacugrove_log"
		},
		"title": {"translate":"biome.betterend.megalake_grove","fallback":"巨型湖泊树林"},
		"description": {"color":"equa","translate":"description.biome_advancements.betterend.megalake_grove","with": [{"translate": "biome.betterend.megalake_grove","fallback":"Megalake Grove"}],"fallback":"Explore %s"},
		"frame": "task",
		"announce_to_chat": true
	},
	"parent": "biome_advancements:better_end/megalake",
	"criteria": {
		"betterend:megalake_grove": {
			"trigger": "minecraft:location",
			"conditions": {
				"player": {
					"location": {
						"biomes": "betterend:megalake_grove"
					}
				}
			}
		}
	},
	"rewards" :{
		"function" :"biome_advancements:system_use/better_end_get"
	},
	"neoforge:conditions": [
		{
			"type": "neoforge:mod_loaded",
			"modid": "betterend"
		}
	]
}