{
	"display": {
		"icon": {
			"id": "betterend:neon_cactus"
		},
		"title": {"translate":"biome.betterend.neon_oasis","fallback":"霓虹绿洲"},
		"description": {"color":"yellow","translate":"description.biome_advancements.betterend.neon_oasis","with": [{"translate": "biome.betterend.neon_oasis","fallback":"Neon Oasis"}],"fallback":"Explore %s"},
		"frame": "task",
		"announce_to_chat": true
	},
	"parent": "biome_advancements:better_end/better_end",
	"criteria": {
		"betterend:neon_oasis": {
			"trigger": "minecraft:location",
			"conditions": {
				"player": {
					"location": {
						"biomes": "betterend:neon_oasis"
					}
				}
			}
		}
	},
	"rewards" :{
		"function" :"biome_advancements:system_use/better_end_get"
	},
	"neoforge:conditions": [
		{
			"type": "neoforge:mod_loaded",
			"modid": "betterend"
		}
	]
}