{
	"display": {
		"icon": {
			"id": "betterend:violecite"
		},
		"title": {"translate":"biome.betterend.painted_mountains","fallback":"彩绘山脉"},
		"description": {"color":"yellow","translate":"description.biome_advancements.betterend.painted_mountains","with": [{"translate": "biome.betterend.painted_mountains","fallback":"Painted Mountains"}],"fallback":"Explore %s"},
		"frame": "task",
		"announce_to_chat": true
	},
	"parent": "biome_advancements:better_end/better_end",
	"criteria": {
		"betterend:painted_mountains": {
			"trigger": "minecraft:location",
			"conditions": {
				"player": {
					"location": {
						"biomes": "betterend:painted_mountains"
					}
				}
			}
		}
	},
	"rewards" :{
		"function" :"biome_advancements:system_use/better_end_get"
	},
	"neoforge:conditions": [
		{
			"type": "neoforge:mod_loaded",
			"modid": "betterend"
		}
	]
}