{
	"display": {
		"icon": {
			"id": "betterend:brimstone"
		},
		"title": {"translate":"biome.betterend.sulphur_springs","fallback":"硫磺矿泉"},
		"description": {"color":"yellow","translate":"description.biome_advancements.betterend.sulphur_springs","with": [{"translate": "biome.betterend.sulphur_springs","fallback":"Sulphur Springs"}],"fallback":"Explore %s"},
		"frame": "task",
		"announce_to_chat": true
	},
	"parent": "biome_advancements:better_end/better_end",
	"criteria": {
		"betterend:sulphur_springs": {
			"trigger": "minecraft:location",
			"conditions": {
				"player": {
					"location": {
						"biomes": "betterend:sulphur_springs"
					}
				}
			}
		}
	},
	"rewards" :{
		"function" :"biome_advancements:system_use/better_end_get"
	},
	"neoforge:conditions": [
		{
			"type": "neoforge:mod_loaded",
			"modid": "betterend"
		}
	]
}