{
	"display": {
		"icon": {
			"id": "betterend:pallidium_full"
		},
		"title": {"translate":"biome.betterend.umbra_valley","fallback":"阴影谷"},
		"description": {"color":"gray","translate":"description.biome_advancements.betterend.umbra_valley","with": [{"translate": "biome.betterend.umbra_valley","fallback":"Umbra Valley"}],"fallback":"Explore %s"},
		"frame": "task",
		"announce_to_chat": true
	},
	"parent": "biome_advancements:better_end/better_end",
	"criteria": {
		"betterend:umbra_valley": {
			"trigger": "minecraft:location",
			"conditions": {
				"player": {
					"location": {
						"biomes": "betterend:umbra_valley"
					}
				}
			}
		}
	},
	"rewards" :{
		"function" :"biome_advancements:system_use/better_end_get"
	},
	"neoforge:conditions": [
		{
			"type": "neoforge:mod_loaded",
			"modid": "betterend"
		}
	]
}