{
	"display": {
		"icon": {
			"id": "betterend:unbrella_tree_membrane"
		},
		"title": {"translate":"biome.betterend.umbrella_jungle","fallback":"胶伞丛林"},
		"description": {"color":"apua","translate":"description.biome_advancements.betterend.umbrella_jungle","with": [{"translate": "biome.betterend.umbrella_jungle","fallback":"Umbrella Jungle"}],"fallback":"Explore %s"},
		"frame": "task",
		"announce_to_chat": true
	},
	"parent": "biome_advancements:better_end/better_end",
	"criteria": {
		"betterend:umbrella_jungle": {
			"trigger": "minecraft:location",
			"conditions": {
				"player": {
					"location": {
						"biomes": "betterend:umbrella_jungle"
					}
				}
			}
		}
	},
	"rewards" :{
		"function" :"biome_advancements:system_use/better_end_get"
	},
	"neoforge:conditions": [
		{
			"type": "neoforge:mod_loaded",
			"modid": "betterend"
		}
	]
}