{
	"display": {
		"icon": {
			"id": "regions_unexplored:pine_log"
		},
		"title": {"translate":"biome.regions_unexplored.frozen_pine_taiga","fallback":"Frozen Pine Taiga"},
		"description": {"color":"white","translate":"description.biome_advancements.regions_unexplored.frozen_pine_taiga","with": [{"translate": "biome.regions_unexplored.frozen_pine_taiga","fallback":"Frozen Pine Taiga"}],"fallback":"Explore %s"},
		"frame": "task",
		"announce_to_chat": true
	},
	"parent": "biome_advancements:regions_unexplored/regions_unexplored",
	"criteria": {
		"regions_unexplored:frozen_pine_taiga": {
			"trigger": "minecraft:location",
			"conditions": {
				"player": {
					"location": {
						"biomes": "regions_unexplored:frozen_pine_taiga"
					}
				}
			}
		}
	},
	"rewards" :{
		"function" :"biome_advancements:system_use/regions_unexplored_get"
	},
	"neoforge:conditions": [
		{
			"type": "neoforge:mod_loaded",
			"modid": "regions_unexplored"
		}
	]
}