{
	"display": {
		"icon": {
			"id": "regions_unexplored:elephant_ear"
		},
		"title": {"translate":"biome.regions_unexplored.fungal_fen","fallback":"Fungal Fen"},
		"description": {"color":"green","translate":"description.biome_advancements.regions_unexplored.fungal_fen","with": [{"translate": "biome.regions_unexplored.fungal_fen","fallback":"Fungal Fen"}],"fallback":"Explore %s"},
		"frame": "task",
		"announce_to_chat": true
	},
	"parent": "biome_advancements:regions_unexplored/fen",
	"criteria": {
		"regions_unexplored:fungal_fen": {
			"trigger": "minecraft:location",
			"conditions": {
				"player": {
					"location": {
						"biomes": "regions_unexplored:fungal_fen"
					}
				}
			}
		}
	},
	"rewards" :{
		"function" :"biome_advancements:system_use/regions_unexplored_get"
	},
	"neoforge:conditions": [
		{
			"type": "neoforge:mod_loaded",
			"modid": "regions_unexplored"
		}
	]
}