{
	"display": {
		"icon": {
			"id": "regions_unexplored:redstone_bulb"
		},
		"title": {"translate":"biome.regions_unexplored.redstone_abyss","fallback":"Redstone Abyss"},
		"description": {"color":"red","translate":"description.biome_advancements.regions_unexplored.redstone_abyss","with": [{"translate": "biome.regions_unexplored.redstone_abyss","fallback":"Redstone Abyss"}],"fallback":"Explore %s"},
		"frame": "task",
		"announce_to_chat": true
	},
	"parent": "biome_advancements:regions_unexplored/redstone_caves",
	"criteria": {
		"regions_unexplored:redstone_abyss": {
			"trigger": "minecraft:location",
			"conditions": {
				"player": {
					"location": {
						"biomes": "regions_unexplored:redstone_abyss"
					}
				}
			}
		}
	},
	"rewards" :{
		"function" :"biome_advancements:system_use/regions_unexplored_get"
	},
	"neoforge:conditions": [
		{
			"type": "neoforge:mod_loaded",
			"modid": "regions_unexplored"
		}
	]
}