{
	"display": {
		"icon": {
			"id": "regions_unexplored:eucalyptus_sapling"
		},
		"title": {"translate":"title.biome_advancements.regions_unexplored","fallback":"Regions Unexplored"},
		"description": {"color":"green","translate":"description.biome_advancements.regions_unexplored","fallback":"Welcome to play Regions Unexplored"},
		"frame": "task",
		"announce_to_chat": false,
		"show_toast": false,
		"hidden": true
	},
	"parent": "biome_advancements:root/root",
	"criteria": {
		"regions_unexplored": {
			"trigger": "minecraft:impossible"
		}
	},
	"rewards" :{
		"function" :"biome_advancements:system_use/root_get"
	}
}