{
	"display": {
		"icon": {
			"id": "regions_unexplored:redwood_branch"
		},
		"title": {"translate":"biome.regions_unexplored.sparse_redwoods","fallback":"Sparse Redwoods"},
		"description": {"color":"red","translate":"description.biome_advancements.regions_unexplored.sparse_redwoods","with": [{"translate": "biome.regions_unexplored.sparse_redwoods","fallback":"Sparse Redwoods"}],"fallback":"Explore %s"},
		"frame": "task",
		"announce_to_chat": true
	},
	"parent": "biome_advancements:regions_unexplored/redwoods",
	"criteria": {
		"regions_unexplored:sparse_redwoods": {
			"trigger": "minecraft:location",
			"conditions": {
				"player": {
					"location": {
						"biomes": "regions_unexplored:sparse_redwoods"
					}
				}
			}
		}
	},
	"rewards" :{
		"function" :"biome_advancements:system_use/regions_unexplored_get"
	},
	"neoforge:conditions": [
		{
			"type": "neoforge:mod_loaded",
			"modid": "regions_unexplored"
		}
	]
}