{
    "criteria": {
      "redstone": {
        "conditions": {
          "items": [
            {
                "items": "minecraft:redstone"
            }
          ]
        },
        "trigger": "minecraft:inventory_changed"
      }
    },
    "display": {
      "announce_to_chat": false,
      "background": "textures/block/slime_block.png",
      "description": "在工程师手里，红石是无限可能",
      "icon": {
        "count": 1,
        "id": "minecraft:redstone"
      },
      "show_toast": false,
      "title": "红石"
    }
}