{
	"display": {
		"icon": {
			"id": "minecraft:scaffolding"
		},
		"title": {"translate":"biome.bracken.bamboo_valley","fallback":"Bamboo Valley"},
		"description": {"color":"green","translate":"description.biome_advancements.bracken.bamboo_valley","with": [{"translate": "biome.bracken.panacea/bamboo_valley","fallback":"Bamboo Valley"}],"fallback":"Explore %s, it is in Panacea dimension"},
		"frame": "task",
		"announce_to_chat": true
	},
	"parent": "biome_advancements:bracken_pack/bracken_pack",
	"criteria": {
		"bracken:panacea/bamboo_valley": {
			"trigger": "minecraft:location",
			"conditions": {
				"player": {
					"location": {
						"biomes": "bracken:panacea/bamboo_valley"
					}
				}
			}
		}
	},
	"rewards" :{
		"function" :"biome_advancements:system_use/bracken_pack_get"
	},
	"neoforge:conditions": [
		{
			"type": "neoforge:mod_loaded",
			"modid": "bracken"
		}
	]
}