{
	"display": {
		"icon": {
			"id": "minecraft:mud"
		},
		"title": {"translate":"biome.bracken.quicksand_springs","fallback":"Quicksand Springs"},
		"description": {"color":"gray","translate":"description.biome_advancements.bracken.quicksand_springs","with": [{"translate": "biome.bracken.panacea/quicksand_springs","fallback":"Quicksand Springs"}],"fallback":"Explore %s, it is in Panacea dimension"},
		"frame": "task",
		"announce_to_chat": true
	},
	"parent": "biome_advancements:bracken_pack/bracken_pack",
	"criteria": {
		"bracken:panacea/quicksand_springs": {
			"trigger": "minecraft:location",
			"conditions": {
				"player": {
					"location": {
						"biomes": "bracken:panacea/quicksand_springs"
					}
				}
			}
		}
	},
	"rewards" :{
		"function" :"biome_advancements:system_use/bracken_pack_get"
	},
	"neoforge:conditions": [
		{
			"type": "neoforge:mod_loaded",
			"modid": "bracken"
		}
	]
}