{
    "display": {
        "icon": {
            "id":"minecraft:coal_block",
            "components": {
                "minecraft:enchantment_glint_override": true
            }
        },
        "frame": "challenge",
        "title": "山西煤老板",
        "description": "获取64个煤炭块"
    },
    "criteria": {
        "coal_block":{
            "trigger": "minecraft:inventory_changed",
            "conditions": {
                "items": [
                    {
                        "items": "minecraft:coal_block",
                        "count": {
                            "min": 64
                        }
                    }
                ]
            }
        }
    },
    "parent": "madv:mine/coal_block",
    "rewards": {
        "experience": 500
    }
}