{
    "display": {
        "icon": {
            "id":"minecraft:diorite"
        },
        "frame": "challenge",
        "title": "地质学家",
        "description": "获得所有种类的岩石"
    },
    "criteria": {
        "stone":{
            "trigger": "minecraft:inventory_changed",
            "conditions": {
                "items": [
                    {
                        "items": "minecraft:stone"
                    }
                ]
            }
        },
        "cobblestone":{
            "trigger": "minecraft:inventory_changed",
            "conditions": {
                "items": [
                    {
                        "items": "minecraft:cobblestone"
                    }
                ]
            }
        },
        "granite":{
            "trigger": "minecraft:inventory_changed",
            "conditions": {
                "items": [
                    {
                        "items": "minecraft:granite"
                    }
                ]
            }
        },
        "andesite":{
            "trigger": "minecraft:inventory_changed",
            "conditions": {
                "items": [
                    {
                        "items": "minecraft:andesite"
                    }
                ]
            }
        },
        "diorite":{
            "trigger": "minecraft:inventory_changed",
            "conditions": {
                "items": [
                    {
                        "items": "minecraft:diorite"
                    }
                ]
            }
        },
        "sandstone":{
            "trigger": "minecraft:inventory_changed",
            "conditions": {
                "items": [
                    {
                        "items": "minecraft:sandstone"
                    }
                ]
            }
        },
        "red_sandstone":{
            "trigger": "minecraft:inventory_changed",
            "conditions": {
                "items": [
                    {
                        "items": "minecraft:red_sandstone"
                    }
                ]
            }
        },
        "end_stone":{
            "trigger": "minecraft:inventory_changed",
            "conditions": {
                "items": [
                    {
                        "items": "minecraft:end_stone"
                    }
                ]
            }
        },
        "obsidian":{
            "trigger": "minecraft:inventory_changed",
            "conditions": {
                "items": [
                    {
                        "items": "minecraft:obsidian"
                    }
                ]
            }
        },
        "crying_obsidian":{
            "trigger": "minecraft:inventory_changed",
            "conditions": {
                "items": [
                    {
                        "items": "minecraft:crying_obsidian"
                    }
                ]
            }
        },
        "prismarine":{
            "trigger": "minecraft:inventory_changed",
            "conditions": {
                "items": [
                    {
                        "items": "minecraft:prismarine"
                    }
                ]
            }
        },
        "dark_prismarine":{
            "trigger": "minecraft:inventory_changed",
            "conditions": {
                "items": [
                    {
                        "items": "minecraft:dark_prismarine"
                    }
                ]
            }
        },
        "netherrack":{
            "trigger": "minecraft:inventory_changed",
            "conditions": {
                "items": [
                    {
                        "items": "minecraft:netherrack"
                    }
                ]
            }
        },
        "warped_nylium":{
            "trigger": "minecraft:inventory_changed",
            "conditions": {
                "items": [
                    {
                        "items": "minecraft:warped_nylium"
                    }
                ]
            }
        },
        "crimson_nylium":{
            "trigger": "minecraft:inventory_changed",
            "conditions": {
                "items": [
                    {
                        "items": "minecraft:crimson_nylium"
                    }
                ]
            }
        },
        "glowstone":{
            "trigger": "minecraft:inventory_changed",
            "conditions": {
                "items": [
                    {
                        "items": "minecraft:glowstone"
                    }
                ]
            }
        },
        "blackstone":{
            "trigger": "minecraft:inventory_changed",
            "conditions": {
                "items": [
                    {
                        "items": "minecraft:blackstone"
                    }
                ]
            }
        },
        "basalt":{
            "trigger": "minecraft:inventory_changed",
            "conditions": {
                "items": [
                    {
                        "items": "minecraft:basalt"
                    }
                ]
            }
        },
        "calcite":{
            "trigger": "minecraft:inventory_changed",
            "conditions": {
                "items": [
                    {
                        "items": "minecraft:calcite"
                    }
                ]
            }
        },
        "deepslate":{
            "trigger": "minecraft:inventory_changed",
            "conditions": {
                "items": [
                    {
                        "items": "minecraft:deepslate"
                    }
                ]
            }
        },
        "cobbled_deepslate":{
            "trigger": "minecraft:inventory_changed",
            "conditions": {
                "items": [
                    {
                        "items": "minecraft:cobbled_deepslate"
                    }
                ]
            }
        },
        "tuff":{
            "trigger": "minecraft:inventory_changed",
            "conditions": {
                "items": [
                    {
                        "items": "minecraft:tuff"
                    }
                ]
            }
        },
        "dripstone_block":{
            "trigger": "minecraft:inventory_changed",
            "conditions": {
                "items": [
                    {
                        "items": "minecraft:dripstone_block"
                    }
                ]
            }
        }
    },
    "parent": "madv:mine/64_cobblestone",
    "rewards": {
        "experience": 500
    }
}