{
    "display": {
        "icon": {
            "id":"minecraft:diamond"
        },
        "frame": "task",
        "title": "给你钻石！",
        "description": "把钻石扔到别的玩家那儿（如果你没有朋友的话，可以扔给别的生物）"
    },
    "criteria": {
        "diamond":{
            "trigger": "minecraft:thrown_item_picked_up_by_entity",
            "conditions": {
                "item": {
                    "items": "minecraft:diamond"
                }
            }
        }
    },
    "parent": "minecraft:story/mine_diamond"
}