{
    "display": {
        "icon": {
            "id":"minecraft:glow_berries"
        },
        "frame": "task",
        "title": "矿工浆果",
        "description": "吃掉一个发光浆果"
    },
    "criteria": {
        "glow_berries":{
            "trigger": "minecraft:consume_item",
            "conditions": {
                "item": {
                    "items": "minecraft:glow_berries"
                }
            }
        }
    },
    "parent": "madv:mine/use_bone_meal_on_moss_block"
}