{
    "display": {
        "icon": {
            "id":"minecraft:stone"
        },
        "frame": "goal",
        "title": "洞穴历险",
        "description": "进入任意洞穴生物群系"
    },
    "criteria": {
        "lush_caves":{
            "trigger": "minecraft:location",
            "conditions": {
                "player": {
                    "location": {
                        "biomes": "minecraft:lush_caves"
                    }
                }
            }
        },
        "deep_dark":{
            "trigger": "minecraft:location",
            "conditions": {
                "player": {
                    "location": {
                        "biomes": "minecraft:deep_dark"
                    }
                }
            }
        },
        "dripstone_caves":{
            "trigger": "minecraft:location",
            "conditions": {
                "player": {
                    "location": {
                        "biomes": "minecraft:dripstone_caves"
                    }
                }
            }
        }
    },
    "parent": "minecraft:story/iron_tools",
    "requirements": [
        ["deep_dark","dripstone_caves","lush_caves"]
    ]
}