{
    "display": {
        "icon": {
            "id":"minecraft:netherrack"
        },
        "frame": "goal",
        "title": "下界矿工",
        "description": "挖掘至下界y小于或等于15的高度"
    },
    "criteria": {
        "deep_nether":{
            "trigger": "minecraft:location",
            "conditions": {
                "player": {
                    "location": {
                        "position": {
                            "y": {
                                "max": 15
                            }
                        },
                        "dimension": "minecraft:the_nether"
                    }
                }
            }
        }
    },
    "parent": "madv:mine/on_the_deepist"
}