{
    "display": {
        "icon": {
            "id":"minecraft:iron_nugget"
        },
        "frame": "task",
        "title": "九等分的铁",
        "description": "制作一些铁粒"
    },
    "criteria": {
        "iron_nugget":{
            "trigger": "minecraft:inventory_changed",
            "conditions": {
                "items": [
                    {
                        "items": "minecraft:iron_nugget"
                    }
                ]
            }
        }
    },
    "parent": "minecraft:story/smelt_iron"
}