{
    "display": {
        "icon": {
            "id":"minecraft:silverfish_spawn_egg"
        },
        "frame": "task",
        "title": "令矿工厌烦的虱虫",
        "description": "击杀一只蠹虫"
    },
    "criteria": {
        "silverfish":{
            "trigger": "minecraft:player_killed_entity",
            "conditions": {
                "entity": {
                    "type": "silverfish"
                }
            }
        }
    },
    "parent": "madv:mine/into_cave"
}