{
    "display": {
        "icon": {
            "id":"minecraft:bat_spawn_egg"
        },
        "frame": "task",
        "title": "吓死我了！",
        "description": "你为什么会闲到去杀死蝙蝠？"
    },
    "criteria": {
        "bat":{
            "trigger": "minecraft:player_killed_entity",
            "conditions": {
                "entity": {
                    "type": "minecraft:bat"
                }
            }
        }
    },
    "parent": "madv:mine/into_darkness"
}