{
    "display": {
        "icon": {
            "id":"minecraft:water_bucket"
        },
        "frame": "goal",
        "title": "落地水！",
        "description": "使用落地水以减免摔落伤害"
    },
    "criteria": {
        "landing_water":{
            "trigger": "minecraft:fall_from_height",
            "conditions": {
                "distance": {
                    "y": {
                        "min": 4
                    }
                },
                "player": [
                    {
                        "condition": "any_of",
                        "terms": [
                            {
                                "condition": "location_check",
                                "predicate": {
                                    "fluid": {
                                        "fluids": "minecraft:water"
                                    }
                                }
                            },
                            {
                                "condition": "location_check",
                                "predicate": {
                                    "fluid": {
                                        "fluids": "minecraft:water"
                                    }
                                },
                                "offsetY": -1
                            }
                        ]
                    }
                ]
            }
        }
    },
    "parent": "madv:mine/fill_bucket_with_water"
}