{
    "display": {
        "icon": {
            "id":"minecraft:bedrock"
        },
        "frame": "goal",
        "title": "地心游记",
        "description": "到达主世界最底层"
    },
    "criteria": {
        "y=-59":{
            "trigger": "minecraft:location",
            "conditions": {
                "player": {
                    "location": {
                        "position": {
                            "y": {
                                "max": -59
                            }
                        }
                    }
                }
            }
        }
    },
    "parent": "madv:mine/diamond_pickaxe"
}