{
    "display": {
        "icon": {
            "id":"minecraft:redstone"
        },
        "frame": "task",
        "title": "红石能量",
        "description": "挖到红石粉"
    },
    "criteria": {
        "redstone":{
            "trigger": "minecraft:inventory_changed",
            "conditions": {
                "items": [
                    {
                        "items": "minecraft:redstone"
                    }
                ]
            }
        }
    },
    "parent": "madv:mine/into_deep_place"
}