{
    "display": {
        "icon": {
            "id":"minecraft:stone"
        },
        "frame": "task",
        "title": "采掘",
        "description": "做个矿工",
        "background": "minecraft:textures/gui/advancements/backgrounds/stone.png",
        "show_toast": false,
        "announce_to_chat": false
    },
    "criteria": {
        "wooden_pickaxe":{
            "trigger": "minecraft:inventory_changed",
            "conditions": {
                "items": [
                    {
                        "items": "minecraft:wooden_pickaxe"
                    }
                ]
            }
        }
    }
}