{
	"display": {
		"icon": {
			"id": "minecraft:deepslate"
		},
		"title": {"translate":"biome.bracken.eroded_basin","fallback":"Eroded Basin"},
		"description": {"color":"gray","translate":"description.biome_advancements.bracken.eroded_basin","with": [{"translate": "biome.bracken.the_underdark/eroded_basin","fallback":"Eroded Basin"}],"fallback":"Explore %s, it is in The Underdark dimension"},
		"frame": "task",
		"announce_to_chat": true
	},
	"parent": "biome_advancements:bracken_pack/bracken_pack",
	"criteria": {
		"bracken:the_underdark/eroded_basin": {
			"trigger": "minecraft:location",
			"conditions": {
				"player": {
					"location": {
						"biomes": "bracken:the_underdark/eroded_basin"
					}
				}
			}
		}
	},
	"rewards" :{
		"function" :"biome_advancements:system_use/bracken_pack_get"
	},
	"neoforge:conditions": [
		{
			"type": "neoforge:mod_loaded",
			"modid": "bracken"
		}
	]
}