{
	"display": {
		"icon": {
			"id": "minecraft:tuff"
		},
		"title": {"translate":"biome.bracken.petrified_forest","fallback":"Petrified Forest"},
		"description": {"color":"gray","translate":"description.biome_advancements.bracken.petrified_forest","with": [{"translate": "biome.bracken.the_underdark/petrified_forest","fallback":"Petrified Forest"}],"fallback":"Explore %s, it is in The Underdark dimension"},
		"frame": "task",
		"announce_to_chat": true
	},
	"parent": "biome_advancements:bracken_pack/bracken_pack",
	"criteria": {
		"bracken:the_underdark/petrified_forest": {
			"trigger": "minecraft:location",
			"conditions": {
				"player": {
					"location": {
						"biomes": "bracken:the_underdark/petrified_forest"
					}
				}
			}
		}
	},
	"rewards" :{
		"function" :"biome_advancements:system_use/bracken_pack_get"
	},
	"neoforge:conditions": [
		{
			"type": "neoforge:mod_loaded",
			"modid": "bracken"
		}
	]
}