{
	"display": {
		"icon": {
			"id": "minecraft:pointed_dripstone"
		},
		"title": {"translate":"biome.bracken.titan_dripstone_cavern","fallback":"Titan Dripstone Cavern"},
		"description": {"color":"gray","translate":"description.biome_advancements.bracken.titan_dripstone_cavern","with": [{"translate": "biome.bracken.the_underdark/titan_dripstone_cavern","fallback":"Titan Dripstone Cavern"}],"fallback":"Explore %s, it is in The Underdark dimension"},
		"frame": "task",
		"announce_to_chat": true
	},
	"parent": "biome_advancements:bracken_pack/bracken_pack",
	"criteria": {
		"bracken:the_underdark/titan_dripstone_cavern": {
			"trigger": "minecraft:location",
			"conditions": {
				"player": {
					"location": {
						"biomes": "bracken:the_underdark/titan_dripstone_cavern"
					}
				}
			}
		}
	},
	"rewards" :{
		"function" :"biome_advancements:system_use/bracken_pack_get"
	},
	"neoforge:conditions": [
		{
			"type": "neoforge:mod_loaded",
			"modid": "bracken"
		}
	]
}