{
    "display": {
        "icon": {
            "id":"minecraft:grass_block",
            "components": {
                "minecraft:enchantment_glint_override": true
            }
        },
        "frame": "challenge",
        "title": {
            "color": "light_purple",
            "text": "Minecraft全进度完成！（未完成）",
            "bold": true
        },
        "description":{
            "text": "你是Minecraft大师！",
            "color": "gold"
        }
    },
    "criteria": {
        "empty":{
            "trigger": "minecraft:impossible"
        }
    },
    "parent": "madv:story/story_finish",
    "rewards": {
        "experience": 500,
        "function": "madv:rewards/all_minecraft_advancements"
    }
}