{
	"display": {
		"icon": {
			"id":"minecraft:stone_bricks"
		},
		"title": {"translate":"title.biome_advancements.clifftree","fallback": "JEBA: Cliff under a Tree"},
		"description": {"color":"green","translate":"description.biome_advancements.clifftree","fallback":""},
		"frame": "task",
		"announce_to_chat": false,
		"show_toast": false,
		"hidden": true,
		"background": "minecraft:textures/block/pink_concrete.png"
	},
	"criteria": {
		"clifftree": {
			"trigger": "minecraft:impossible"
		}
	},
	"rewards" :{
		"function" :"biome_advancements:system_use/root_get"
	},
	"neoforge:conditions": [
		{
			"type": "neoforge:mod_loaded",
			"modid": "clifftree"
		}
	]
}