{
	"display": {
		"icon": {
			"id": "minecraft:white_terracotta"
		},
		"title": {"translate":"biome.clifftree.desert_cliff","fallback":"Desert Cliff"},
		"description": {"color":"gray","translate":"description.biome_advancements.clifftree.desert_cliff","with": [{"translate": "biome.clifftree.desert_cliff","fallback":"Desert Cliff"}],"fallback":"Explore %s"},
		"frame": "task",
		"announce_to_chat": true
	},
	"parent": "biome_advancements:cliff_under_a_tree/cliff_under_a_tree",
	"criteria": {
		"clifftree:desert_cliff": {
			"trigger": "minecraft:location",
			"conditions": {
				"player": {
					"location": {
						"biomes": "clifftree:desert_cliff"
					}
				}
			}
		}
	},
	"rewards" :{
		"function" :"biome_advancements:system_use/cliff_under_a_tree_get"
	},
	"neoforge:conditions": [
		{
			"type": "neoforge:mod_loaded",
			"modid": "clifftree"
		}
	]
}