{
	"display": {
		"icon": {
			"id": "minecraft:snowball"
		},
		"title": {"translate":"biome.clifftree.frozen_caves","fallback":"Frozen Caves"},
		"description": {"color":"gray","translate":"description.biome_advancements.clifftree.frozen_caves","with": [{"translate": "biome.clifftree.frozen_caves","fallback":"Frozen Caves"}],"fallback":"Explore %s"},
		"frame": "task",
		"announce_to_chat": true
	},
	"parent": "biome_advancements:cliff_under_a_tree/caves",
	"criteria": {
		"clifftree:frozen_caves": {
			"trigger": "minecraft:location",
			"conditions": {
				"player": {
					"location": {
						"biomes": "clifftree:frozen_caves"
					}
				}
			}
		}
	},
	"rewards" :{
		"function" :"biome_advancements:system_use/cliff_under_a_tree_get"
	},
	"neoforge:conditions": [
		{
			"type": "neoforge:mod_loaded",
			"modid": "clifftree"
		}
	]
}