{
	"display": {
		"icon": {
			"id": "minecraft:polished_diorite"
		},
		"title": {"translate":"biome.clifftree.snowy_diorite_shore","fallback":"Snowy Diorite Shore"},
		"description": {"color":"gray","translate":"description.biome_advancements.clifftree.snowy_diorite_shore","with": [{"translate": "biome.clifftree.snowy_diorite_shore","fallback":"Snowy Diorite Shore"}],"fallback":"Explore %s"},
		"frame": "task",
		"announce_to_chat": true
	},
	"parent": "biome_advancements:cliff_under_a_tree/diorite_shore",
	"criteria": {
		"clifftree:snowy_diorite_shore": {
			"trigger": "minecraft:location",
			"conditions": {
				"player": {
					"location": {
						"biomes": "clifftree:snowy_diorite_shore"
					}
				}
			}
		}
	},
	"rewards" :{
		"function" :"biome_advancements:system_use/cliff_under_a_tree_get"
	},
	"neoforge:conditions": [
		{
			"type": "neoforge:mod_loaded",
			"modid": "clifftree"
		}
	]
}