{
	"display": {
		"icon": {
			"id": "minecraft:soul_lantern"
		},
		"title": {"translate":"biome.bracken.varskspace/expanse","fallback":"Expanse"},
		"description": {"color":"light_purple","translate":"biome.bracken.varskspace/expanse","with": [{"translate": "biome.bracken.varskspace/expanse","fallback":"Expanse"}],"fallback":" Explore %s, it is in Varskspace dimension"},
		"frame": "task",
		"announce_to_chat": true
	},
	"parent": "biome_advancements:bracken_pack/bracken_pack",
	"criteria": {
		"bracken:varskspace/expanse": {
			"trigger": "minecraft:location",
			"conditions": {
				"player": {
					"location": {
						"biomes": "bracken:varskspace/expanse"
					}
				}
			}
		}
	},
	"rewards" :{
		"function" :"biome_advancements:system_use/bracken_pack_get"
	},
	"neoforge:conditions": [
		{
			"type": "neoforge:mod_loaded",
			"modid": "bracken"
		}
	]
}