{
	"display": {
		"icon": {
			"id": "minecraft:iron_pickaxe"
		},
		"title": {"translate":"biome.terralith.cave/crystal_caves","fallback":"Crystal Caves"},
		"description": {"color":"light_purple","translate":"description.biome_advancements.terralith.cave/crystal_caves","with": [{"translate": "biome.terralith.cave/crystal_caves","fallback":"Crystal Caves"}],"fallback":"This biome cannot generate naturally at the moment"},
		"frame": "challenge",
		"announce_to_chat": true,
		"hidden": true
	},
	"parent": "biome_advancements:terralith/terralith",
	"criteria": {
		"terralith:cave/crystal_caves": {
			"trigger": "minecraft:location",
			"conditions": {
				"player": {
					"location": {
						"biomes": "terralith:cave/crystal_caves"
					}
				}
			}
		}
	},
	"rewards" :{
		"function" :"biome_advancements:system_use/terralith_get"
	},
	"neoforge:conditions": [
		{
			"type": "neoforge:mod_loaded",
			"modid": "terralith"
		}
	]
}