{
	"display": {
		"icon": {
			"id": "minecraft:quartz_pillar"
		},
		"title": {"translate":"biome.bracken.grand_machair","fallback":"Grand Machair"},
		"description": {"color":"white","translate":"description.biome_advancements.bracken.grand_machair","with": [{"translate": "biome.bracken.pax/grand_machair","fallback":"Grand Machair"}],"fallback":"Explore %s, it is in Pax dimension"},
		"frame": "task",
		"announce_to_chat": true
	},
	"parent": "biome_advancements:bracken_pack/bracken_pack",
	"criteria": {
		"bracken:pax/grand_machair": {
			"trigger": "minecraft:location",
			"conditions": {
				"player": {
					"location": {
						"biomes": "bracken:pax/grand_machair"
					}
				}
			}
		}
	},
	"rewards" :{
		"function" :"biome_advancements:system_use/bracken_pack_get"
	},
	"neoforge:conditions": [
		{
			"type": "neoforge:mod_loaded",
			"modid": "bracken"
		}
	]
}