{
	"display": {
		"icon": {
			"id": "minecraft:purple_dye"
		},
		"title": {"translate":"biome.bracken.sky_garden","fallback":"Sky Garden"},
		"description": {"color":"green","translate":"description.biome_advancements.bracken.sky_garden","with": [{"translate": "biome.bracken.pax/sky_garden","fallback":"Sky Garden"}],"fallback":"Explore %s, it is in Pax dimension"},
		"frame": "task",
		"announce_to_chat": true
	},
	"parent": "biome_advancements:bracken_pack/bracken_pack",
	"criteria": {
		"bracken:pax/sky_garden": {
			"trigger": "minecraft:location",
			"conditions": {
				"player": {
					"location": {
						"biomes": "bracken:pax/sky_garden"
					}
				}
			}
		}
	},
	"rewards" :{
		"function" :"biome_advancements:system_use/bracken_pack_get"
	},
	"neoforge:conditions": [
		{
			"type": "neoforge:mod_loaded",
			"modid": "bracken"
		}
	]
}