{
	"display": {
		"icon": {
			"id": "minecraft:terracotta"
		},
		"title": {"translate":"biome.minecraft.badlands","fallback": "Badlands"},
		"description": {"color":"red","translate":"description.biome_advancements.minecraft.badlands","with": [{"translate": "biome.minecraft.badlands","fallback":"恶地"}],"fallback":"Explore %s"},
		"frame": "goal",
		"announce_to_chat": true
	},
	"parent": "biome_advancements:minecraft/vanilla",
	"criteria": {
		"minecraft:badlands": {
			"trigger": "minecraft:location",
			"conditions": {
				"player": {
					"location": {
						"biomes": "minecraft:badlands"
					}
				}
			}
		}
	},
	"rewards" :{
		"function" :"biome_advancements:system_use/vanilla_get"
	}
}