{
	"display": {
		"icon": {
			"id": "minecraft:sand"
		},
		"title": {"translate":"biome.minecraft.beach","fallback": "Beach"},
		"description": {"color":"yellow","translate":"description.biome_advancements.minecraft.beach","with": [{"translate": "biome.minecraft.beach","fallback":"Beach"}],"fallback":"Explore %s"},
		"frame": "task",
		"announce_to_chat": true
	},
	"parent": "biome_advancements:minecraft/vanilla",
	"criteria": {
		"minecraft:beach": {
			"trigger": "minecraft:location",
			"conditions": {
				"player": {
					"location": {
						"biomes": "minecraft:beach"
					}
				}
			}
		}
	},
	"rewards" :{
		"function" :"biome_advancements:system_use/vanilla_get"
	}
}