﻿{
	"display": {
		"icon": {
			"id": "minecraft:cherry_log"
		},
		"title": {"translate":"biome.minecraft.cherry_grove","fallback": "Cherry Grove"},
		"description": {"color":"light_purple","translate":"description.biome_advancements.minecraft.cherry_grove","with": [{"translate": "biome.minecraft.cherry_grove","fallback":"Cherry Grove"}],"fallback":"Explore %s, you need to enable experimental settings to generate it naturally"},
		"frame": "goal",
		"announce_to_chat": true
	},
	"parent": "biome_advancements:minecraft/meadow",
	"criteria": {
		"minecraft:cherry_grove": {
			"trigger": "minecraft:location",
			"conditions": {
				"player": {
					"location": {
						"biomes": "minecraft:cherry_grove"
					}
				}
			}
		}
	},
	"rewards" :{
		"function" :"biome_advancements:system_use/vanilla_get"
	}
}