{
	"display": {
		"icon": {
			"id": "minecraft:dark_oak_log"
		},
		"title": {"translate":"biome.minecraft.dark_forest","fallback": "Dark Forest"},
		"description": {"color":"gray","translate":"description.biome_advancements.minecraft.dark_forest","with": [{"translate": "biome.minecraft.dark_forest","fallback":"Dark Forest"}],"fallback":"Explore %s"},
		"frame": "task",
		"announce_to_chat": true
	},
	"parent": "biome_advancements:minecraft/vanilla",
	"criteria": {
		"minecraft:dark_forest": {
			"trigger": "minecraft:location",
			"conditions": {
				"player": {
					"location": {
						"biomes": "minecraft:dark_forest"
					}
				}
			}
		}
	},
	"rewards" :{
		"function" :"biome_advancements:system_use/vanilla_get"
	}
}