{
	"display": {
		"icon": {
			"id": "minecraft:water_bucket"
		},
		"title": {"translate":"biome.minecraft.deep_ocean","fallback": "Deep Ocean"},
		"description": {"color":"blue","translate":"description.biome_advancements.minecraft.deep_ocean","with": [{"translate": "biome.minecraft.deep_ocean","fallback":"Deep Ocean"}],"fallback":"Explore %s"},
		"frame": "task",
		"announce_to_chat": true
	},
	"parent": "biome_advancements:minecraft/ocean",
	"criteria": {
		"minecraft:deep_ocean": {
			"trigger": "minecraft:location",
			"conditions": {
				"player": {
					"location": {
						"biomes": "minecraft:deep_ocean"
					}
				}
			}
		}
	},
	"rewards" :{
		"function" :"biome_advancements:system_use/vanilla_get"
	}
}