{
	"display": {
		"icon": {
			"id": "minecraft:cactus"
		},
		"title": {"translate":"biome.minecraft.desert","fallback": "Desert"},
		"description": {"color":"yellow","translate":"description.biome_advancements.minecraft.desert","with": [{"translate": "biome.minecraft.desert","fallback":"Desert"}],"fallback":"Explore %s"},
		"frame": "task",
		"announce_to_chat": true
	},
	"parent": "biome_advancements:minecraft/vanilla",
	"criteria": {
		"minecraft:desert": {
			"trigger": "minecraft:location",
			"conditions": {
				"player": {
					"location": {
						"biomes": "minecraft:desert"
					}
				}
			}
		}
	},
	"rewards" :{
		"function" :"biome_advancements:system_use/vanilla_get"
	}
}