﻿{
	"display": {
		"icon": {
			"id": "minecraft:chorus_flower"
		},
		"title": {"translate":"biome.minecraft.end_highlands","fallback": "End Highlands"},
		"description": {"color":"yellow","translate":"description.biome_advancements.minecraft.end_highlands","with": [{"translate": "biome.minecraft.end_highlands","fallback":"End Highlands"}],"fallback":"Explore %s"},
		"frame": "task",
		"announce_to_chat": true
	},
	"parent": "biome_advancements:minecraft/the_end",
	"criteria": {
		"minecraft:end_highlands": {
			"trigger": "minecraft:location",
			"conditions": {
				"player": {
					"location": {
						"biomes": "minecraft:end_highlands"
					}
				}
			}
		}
	},
	"rewards" :{
		"function" :"biome_advancements:system_use/vanilla_get"
	}
}