{
	"display": {
		"icon": {
			"id": "minecraft:snowball"
		},
		"title": {"translate":"biome.minecraft.frozen_peaks","fallback": "Frozen Peaks"},
		"description": {"color":"blue","translate":"description.biome_advancements.minecraft.frozen_peaks","with": [{"translate": "biome.minecraft.frozen_peaks","fallback":"Frozen Peaks"}],"fallback":"Explore %s"},
		"frame": "goal",
		"announce_to_chat": true
	},
	"parent": "biome_advancements:minecraft/jagged_peaks",
	"criteria": {
		"minecraft:frozen_peaks": {
			"trigger": "minecraft:location",
			"conditions": {
				"player": {
					"location": {
						"biomes": "minecraft:frozen_peaks"
					}
				}
			}
		}
	},
	"rewards" :{
		"function" :"biome_advancements:system_use/vanilla_get"
	}
}