{
	"display": {
		"icon": {
			"id": "minecraft:spruce_log"
		},
		"title": {"translate":"biome.minecraft.grove","fallback": "Grove"},
		"description": {"color":"white","translate":"description.biome_advancements.minecraft.grove","with": [{"translate": "biome.minecraft.grove","fallback":"Grove"}],"fallback":"Explore %s"},
		"frame": "goal",
		"announce_to_chat": true
	},
	"parent": "biome_advancements:minecraft/snowy_slopes",
	"criteria": {
		"minecraft:grove": {
			"trigger": "minecraft:location",
			"conditions": {
				"player": {
					"location": {
						"biomes": "minecraft:grove"
					}
				}
			}
		}
	},
	"rewards" :{
		"function" :"biome_advancements:system_use/vanilla_get"
	}
}