{
	"display": {
		"icon": {
			"id": "minecraft:goat_horn"
		},
		"title": {"translate":"biome.minecraft.jagged_peaks","fallback": "Jagged Peaks"},
		"description": {"color":"white","translate":"description.biome_advancements.minecraft.jagged_peaks","with": [{"translate": "biome.minecraft.jagged_peaks","fallback":"Jagged Peaks"}],"fallback":"Explore %s"},
		"frame": "goal",
		"announce_to_chat": true
	},
	"parent": "biome_advancements:minecraft/vanilla",
	"criteria": {
		"minecraft:jagged_peaks": {
			"trigger": "minecraft:location",
			"conditions": {
				"player": {
					"location": {
						"biomes": "minecraft:jagged_peaks"
					}
				}
			}
		}
	},
	"rewards" :{
		"function" :"biome_advancements:system_use/vanilla_get"
	}
}