{
	"display": {
		"icon": {
			"id": "minecraft:jungle_log"
		},
		"title": {"translate":"biome.minecraft.jungle","fallback": "Jungle"},
		"description": {"color":"green","translate":"description.biome_advancements.minecraft.jungle","with": [{"translate": "biome.minecraft.jungle","fallback":"Jungle"}],"fallback":"Explore %s"},
		"frame": "goal",
		"announce_to_chat": true
	},
	"parent": "biome_advancements:minecraft/vanilla",
	"criteria": {
		"minecraft:jungle": {
			"trigger": "minecraft:location",
			"conditions": {
				"player": {
					"location": {
						"biomes": "minecraft:jungle"
					}
				}
			}
		}
	},
	"rewards" :{
		"function" :"biome_advancements:system_use/vanilla_get"
	}
}