﻿{
	"display": {
		"icon": {
			"id": "minecraft:blue_orchid"
		},
		"title": {"translate":"biome.minecraft.meadow","fallback": "Meadow"},
		"description": {"color":"green","translate":"description.biome_advancements.minecraft.meadow","with": [{"translate": "biome.minecraft.meadow","fallback":"Meadow"}],"fallback":"Explore %s"},
		"frame": "goal",
		"announce_to_chat": true
	},
	"parent": "biome_advancements:minecraft/vanilla",
	"criteria": {
		"minecraft:meadow": {
			"trigger": "minecraft:location",
			"conditions": {
				"player": {
					"location": {
						"biomes": "minecraft:meadow"
					}
				}
			}
		}
	},
	"rewards" :{
		"function" :"biome_advancements:system_use/vanilla_get"
	}
}