﻿{
	"display": {
		"icon": {
			"id": "minecraft:mycelium"
		},
		"title": {"translate":"biome.minecraft.mushroom_fields","fallback": "Mushroom Fields"},
		"description": {"color":"blue","translate":"description.biome_advancements.minecraft.mushroom_fields","with": [{"translate": "biome.minecraft.mushroom_fields","fallback":"Mushroom Fields"}],"fallback":"Explore %s"},
		"frame": "challenge",
		"announce_to_chat": true
	},
	"parent": "biome_advancements:minecraft/vanilla",
	"criteria": {
		"minecraft:mushroom_fields": {
			"trigger": "minecraft:location",
			"conditions": {
				"player": {
					"location": {
						"biomes": "minecraft:mushroom_fields"
					}
				}
			}
		}
	},
	"rewards" :{
		"function" :"biome_advancements:system_use/vanilla_get"
	}
}