{
	"display": {
		"icon": {
			"id": "minecraft:kelp"
		},
		"title": {"translate":"biome.minecraft.ocean","fallback": "Ocean"},
		"description": {"color":"blue","translate":"description.biome_advancements.minecraft.ocean","with": [{"translate": "biome.minecraft.ocean","fallback":"Ocean"}],"fallback":"Explore %s"},
		"frame": "task",
		"announce_to_chat": true
	},
	"parent": "biome_advancements:minecraft/vanilla",
	"criteria": {
		"minecraft:ocean": {
			"trigger": "minecraft:location",
			"conditions": {
				"player": {
					"location": {
						"biomes": "minecraft:ocean"
					}
				}
			}
		}
	},
	"rewards" :{
		"function" :"biome_advancements:system_use/vanilla_get"
	}
}