{
	"display": {
		"icon": {
			"id": "minecraft:stripped_birch_log"
		},
		"title": {"translate":"biome.minecraft.old_growth_birch_forest","fallback": "Old Growth Birch Forest"},
		"description": {"color":"green","translate":"description.biome_advancements.minecraft.old_growth_birch_forest","with": [{"translate": "biome.minecraft.old_growth_birch_forest","fallback":"Old Growth Birch Forest"}],"fallback":"Explore %s"},
		"frame": "goal",
		"announce_to_chat": true
	},
	"parent": "biome_advancements:minecraft/birch_forest",
	"criteria": {
		"minecraft:old_growth_birch_forest": {
			"trigger": "minecraft:location",
			"conditions": {
				"player": {
					"location": {
						"biomes": "minecraft:old_growth_birch_forest"
					}
				}
			}
		}
	},
	"rewards" :{
		"function" :"biome_advancements:system_use/vanilla_get"
	}
}