{
	"display": {
		"icon": {
			"id": "minecraft:ink_sac"
		},
		"title": {"translate":"biome.minecraft.river","fallback": "River"},
		"description": {"color":"blue","translate":"description.biome_advancements.minecraft.river","with": [{"translate": "biome.minecraft.river","fallback":"River"}],"fallback":"Explore %s"},
		"frame": "task",
		"announce_to_chat": true
	},
	"parent": "biome_advancements:minecraft/vanilla",
	"criteria": {
		"minecraft:river": {
			"trigger": "minecraft:location",
			"conditions": {
				"player": {
					"location": {
						"biomes": "minecraft:river"
					}
				}
			}
		}
	},
	"rewards" :{
		"function" :"biome_advancements:system_use/vanilla_get"
	}
}