{
	"display": {
		"icon": {
			"id": "minecraft:acacia_log"
		},
		"title": {"translate":"biome.minecraft.savanna","fallback": "Savanna"},
		"description": {"color":"red","translate":"description.biome_advancements.minecraft.savanna","with": [{"translate": "biome.minecraft.savanna","fallback":"Savanna"}],"fallback":"Explore %s"},
		"frame": "task",
		"announce_to_chat": true
	},
	"parent": "biome_advancements:minecraft/vanilla",
	"criteria": {
		"minecraft:savanna": {
			"trigger": "minecraft:location",
			"conditions": {
				"player": {
					"location": {
						"biomes": "minecraft:savanna"
					}
				}
			}
		}
	},
	"rewards" :{
		"function" :"biome_advancements:system_use/vanilla_get"
	}
}