﻿{
	"display": {
		"icon": {
			"id": "minecraft:end_stone_bricks"
		},
		"title": {"translate":"biome.minecraft.small_end_islands","fallback": "末地小型岛屿"},
		"description": {"color":"yellow","translate":"description.biome_advancements.minecraft.small_end_islands","with": [{"translate": "biome.minecraft.small_end_islands","fallback":"末地小型岛屿"}],"fallback":"Explore %s"},
		"frame": "task",
		"announce_to_chat": true
	},
	"parent": "biome_advancements:minecraft/the_end",
	"criteria": {
		"minecraft:small_end_islands": {
			"trigger": "minecraft:location",
			"conditions": {
				"player": {
					"location": {
						"biomes": "minecraft:small_end_islands"
					}
				}
			}
		}
	},
	"rewards" :{
		"function" :"biome_advancements:system_use/vanilla_get"
	}
}