{
	"display": {
		"icon": {
			"id": "minecraft:sugar_cane"
		},
		"title": {"translate":"biome.minecraft.snowy_beach","fallback": "Snowy Beach"},
		"description": {"color":"white","translate":"description.biome_advancements.minecraft.snowy_beach","with": [{"translate": "biome.minecraft.snowy_beach","fallback":"Snowy Beach"}],"fallback":"Explore %s"},
		"frame": "goal",
		"announce_to_chat": true
	},
	"parent": "biome_advancements:minecraft/beach",
	"criteria": {
		"minecraft:snowy_beach": {
			"trigger": "minecraft:location",
			"conditions": {
				"player": {
					"location": {
						"biomes": "minecraft:snowy_beach"
					}
				}
			}
		}
	},
	"rewards" :{
		"function" :"biome_advancements:system_use/vanilla_get"
	}
}