{
	"display": {
		"icon": {
			"id": "minecraft:powder_snow_bucket"
		},
		"title": {"translate":"biome.minecraft.snowy_slopes","fallback": "Snowy Slopes"},
		"description": {"color":"white","translate":"description.biome_advancements.minecraft.snowy_slopes","with": [{"translate": "biome.minecraft.snowy_slopes","fallback":"Snowy Slopes"}],"fallback":"Explore %s"},
		"frame": "goal",
		"announce_to_chat": true
	},
	"parent": "biome_advancements:minecraft/vanilla",
	"criteria": {
		"minecraft:snowy_slopes": {
			"trigger": "minecraft:location",
			"conditions": {
				"player": {
					"location": {
						"biomes": "minecraft:snowy_slopes"
					}
				}
			}
		}
	},
	"rewards" :{
		"function" :"biome_advancements:system_use/vanilla_get"
	}
}