{
	"display": {
		"icon": {
			"id": "minecraft:stripped_spruce_wood"
		},
		"title": {"translate":"biome.minecraft.snowy_taiga","fallback": "Snowy Taiga"},
		"description": {"color":"white","translate":"description.biome_advancements.minecraft.snowy_taiga","with": [{"translate": "biome.minecraft.snowy_taiga","fallback":"Snowy Taiga"}],"fallback":"Explore %s"},
		"frame": "task",
		"announce_to_chat": true
	},
	"parent": "biome_advancements:minecraft/taiga",
	"criteria": {
		"minecraft:snowy_taiga": {
			"trigger": "minecraft:location",
			"conditions": {
				"player": {
					"location": {
						"biomes": "minecraft:snowy_taiga"
					}
				}
			}
		}
	},
	"rewards" :{
		"function" :"biome_advancements:system_use/vanilla_get"
	}
}