{
	"display": {
		"icon": {
			"id": "minecraft:soul_sand"
		},
		"title": {"translate":"biome.minecraft.soul_sand_valley","fallback": "Soul Sand Valley"},
		"description": {"color":"red","translate":"description.biome_advancements.minecraft.soul_sand_valley","with": [{"translate": "biome.minecraft.soul_sand_valley","fallback":"Soul Sand Valley"}],"fallback":"Explore %s"},
		"frame": "task",
		"announce_to_chat": true
	},
	"parent": "biome_advancements:minecraft/vanilla",
	"criteria": {
		"minecraft:soul_sand_valley": {
			"trigger": "minecraft:location",
			"conditions": {
				"player": {
					"location": {
						"biomes": "minecraft:soul_sand_valley"
					}
				}
			}
		}
	},
	"rewards" :{
		"function" :"biome_advancements:system_use/vanilla_get"
	}
}