{
	"display": {
		"icon": {
			"id": "minecraft:calcite"
		},
		"title": {"translate":"biome.minecraft.stony_peaks","fallback": "Stony Peaks"},
		"description": {"color":"gray","translate":"description.biome_advancements.minecraft.stony_peaks","with": [{"translate": "biome.minecraft.stony_peaks","fallback":"Stony Peaks"}],"fallback":"Explore %s"},
		"frame": "goal",
		"announce_to_chat": true
	},
	"parent": "biome_advancements:minecraft/vanilla",
	"criteria": {
		"minecraft:stony_peaks": {
			"trigger": "minecraft:location",
			"conditions": {
				"player": {
					"location": {
						"biomes": "minecraft:stony_peaks"
					}
				}
			}
		}
	},
	"rewards" :{
		"function" :"biome_advancements:system_use/vanilla_get"
	}
}