{
	"display": {
		"icon": {
			"id": "minecraft:stone"
		},
		"title": {"translate":"biome.minecraft.stony_shore","fallback": "Stony Shore"},
		"description": {"color":"gray","translate":"description.biome_advancements.minecraft.stony_shore","with": [{"translate": "biome.minecraft.stony_shore","fallback":"Stony Shore"}],"fallback":"Explore %s"},
		"frame": "task",
		"announce_to_chat": true
	},
	"parent": "biome_advancements:minecraft/beach",
	"criteria": {
		"minecraft:stony_shore": {
			"trigger": "minecraft:location",
			"conditions": {
				"player": {
					"location": {
						"biomes": "minecraft:stony_shore"
					}
				}
			}
		}
	},
	"rewards" :{
		"function" :"biome_advancements:system_use/vanilla_get"
	}
}