{
	"display": {
		"icon": {
			"id": "minecraft:sunflower"
		},
		"title": {"translate":"biome.minecraft.sunflower_plains","fallback": "Sunflower Plains"},
		"description": {"color":"green","translate":"description.biome_advancements.minecraft.sunflower_plains","with": [{"translate": "biome.minecraft.sunflower_plains","fallback":"Sunflower Plains"}],"fallback":"Explore %s"},
		"frame": "task",
		"announce_to_chat": true
	},
	"parent": "biome_advancements:minecraft/plains",
	"criteria": {
		"minecraft:sunflower_plains": {
			"trigger": "minecraft:location",
			"conditions": {
				"player": {
					"location": {
						"biomes": "minecraft:sunflower_plains"
					}
				}
			}
		}
	},
	"rewards" :{
		"function" :"biome_advancements:system_use/vanilla_get"
	}
}