{
	"display": {
		"icon": {
			"id": "minecraft:lily_pad"
		},
		"title": {"translate":"biome.minecraft.swamp","fallback": "Swamp"},
		"description": {"color":"green","translate":"description.biome_advancements.minecraft.swamp","with": [{"translate": "biome.minecraft.swamp","fallback":"Swamp"}],"fallback":"Explore %s"},
		"frame": "task",
		"announce_to_chat": true
	},
	"parent": "biome_advancements:minecraft/vanilla",
	"criteria": {
		"minecraft:swamp": {
			"trigger": "minecraft:location",
			"conditions": {
				"player": {
					"location": {
						"biomes": "minecraft:swamp"
					}
				}
			}
		}
	},
	"rewards" :{
		"function" :"biome_advancements:system_use/vanilla_get"
	}
}