{
	"display": {
		"icon": {
			"id": "minecraft:spruce_log"
		},
		"title": {"translate":"biome.minecraft.taiga","fallback": "Taiga"},
		"description": {"color": "green","translate":"description.biome_advancements.minecraft.taiga","with": [{"translate": "biome.minecraft.taiga","fallback":"Taiga"}],"fallback":"Explore %s"},
		"frame": "task",
		"announce_to_chat": true
	},
	"parent": "biome_advancements:minecraft/vanilla",
	"criteria": {
		"minecraft:taiga": {
			"trigger": "minecraft:location",
			"conditions": {
				"player": {
					"location": {
						"biomes": "minecraft:taiga"
					}
				}
			}
		}
	},
	"rewards" :{
		"function" :"biome_advancements:system_use/vanilla_get"
	}
}