{
	"display": {
		"icon": {
			"id": "minecraft:command_block"
		},
		"title": {"translate":"biome.minecraft.the_void","fallback": "The Void"},
		"description": {"color": "dark_purple","translate":"description.biome_advancements.minecraft.the_void","with": [{"translate": "biome.minecraft.the_end","fallback":"The Void"}],"fallback":"A biome that requires manual summoning"},
		"frame": "challenge",
		"hidden": true,
		"announce_to_chat": true
	},
	"parent": "biome_advancements:minecraft/vanilla",
	"criteria": {
		"minecraft:the_void": {
			"trigger": "minecraft:location",
			"conditions": {
				"player": {
					"location": {
						"biomes": "minecraft:the_void"
					}
				}
			}
		}
	},
	"rewards" :{
		"function" :"biome_advancements:system_use/vanilla_get"
	}
}