﻿{
	"display": {
		"icon": {
			"id": "minecraft:end_crystal"
		},
		"title": {"translate":"biome.minecraft.the_end","fallback": "The End"},
		"description": {"color":"yellow","translate":"description.biome_advancements.minecraft.the_end","with": [{"translate": "biome.minecraft.the_end","fallback":"The End"}],"fallback":"Go to %s, the Ender Dragon lives here"},
		"frame": "task",
		"announce_to_chat": true
	},
	"parent": "biome_advancements:minecraft/vanilla",
	"criteria": {
		"minecraft:the_end": {
			"trigger": "minecraft:location",
			"conditions": {
				"player": {
					"location": {
						"biomes": "minecraft:the_end"
					}
				}
			}
		}
	},
	"rewards" :{
		"function" :"biome_advancements:system_use/vanilla_get"
	}
}