{
	"display": {
		"icon": {
			"id": "minecraft:fern"
		},
		"title": {"translate":"biome.minecraft.windswept_forest","fallback": "Windswept Forest"},
		"description": {"color":"green","translate":"description.biome_advancements.minecraft.windswept_forest","with": [{"translate": "biome.minecraft.windswept_forest","fallback":"Windswept Forest"}],"fallback":"Explore %s"},
		"frame": "goal",
		"announce_to_chat": true
	},
	"parent": "biome_advancements:minecraft/windswept_hills",
	"criteria": {
		"minecraft:windswept_forest": {
			"trigger": "minecraft:location",
			"conditions": {
				"player": {
					"location": {
						"biomes": "minecraft:windswept_forest"
					}
				}
			}
		}
	},
	"rewards" :{
		"function" :"biome_advancements:system_use/vanilla_get"
	}
}