{
	"display": {
		"icon": {
			"id":"betterbiomes:maple_sapling"
		},
		"title": {"translate":"title.biome_advancements.betterbiomes","fallback": "Better Biomes"},
		"description": {"color":"green","translate":"description.biome_advancements.betterbiomes","fallback":""},
		"frame": "task",
		"announce_to_chat": false,
		"show_toast": false,
		"hidden": true
	},
	"parent": "biome_advancements:root/root",
	"criteria": {
		"betterbiomes": {
			"trigger": "minecraft:impossible"
		}
	},
	"rewards" :{
		"function" :"biome_advancements:system_use/root_get"
	},
	"neoforge:conditions": [
		{
			"type": "neoforge:mod_loaded",
			"modid": "betterbiomes"
		}
	]
}