{
	"display": {
		"icon": {
			"id": "betterbiomes:maple_log"
		},
		"title": {"translate":"biome.betterbiomes.maple_forest","fallback":"Maple Forest"},
		"description": {"color":"gray","translate":"description.biome_advancements.nullscape.maple_forest","with": [{"translate": "biome.nullscape.maple_forest","fallback":"Maple Forest"}],"fallback":"Explore %s"},
		"frame": "task",
		"announce_to_chat": true
	},
	"parent": "biome_advancements:better_biomes/better_biomes",
	"criteria": {
		"betterbiomes:maple_forest": {
			"trigger": "minecraft:location",
			"conditions": {
				"player": {
					"location": {
						"biomes": "betterbiomes:maple_forest"
					}
				}
			}
		}
	},
	"rewards" :{
		"function" :"biome_advancements:system_use/better_biomes_get"
	},
	"neoforge:conditions": [
		{
			"type": "neoforge:mod_loaded",
			"modid": "betterbiomes"
		}
	]
}