{
	"display": {
		"icon": {
			"id": "cinderscapes:scorched_hyphae"
		},
		"title": {"translate":"biome.cinderscapes.ashy_shoals","fallback":"Ashy Shoals"},
		"description": {"color":"gray","translate":"description.biome_advancements.cinderscapes.ashy_shoals","with": [{"translate": "biome.cinderscapes.ashy_shoals","fallback":"Ashy Shoals"}],"fallback":"Explore %s"},
		"frame": "task",
		"announce_to_chat": true
	},
	"parent": "biome_advancements:cinderscapes/cinderscapes",
	"criteria": {
		"cinderscapes:ashy_shoals": {
			"trigger": "minecraft:location",
			"conditions": {
				"player": {
					"location": {
						"biomes": "cinderscapes:ashy_shoals"
					}
				}
			}
		}
	},
	"rewards" :{
		"function" :"biome_advancements:system_use/cinderscapes_get"
	},
	"neoforge:conditions": [
		{
			"type": "neoforge:mod_loaded",
			"modid": "cinderscapes"
		}
	]
}