{
	"display": {
		"icon": {
			"id": "minecraft:blackstone"
		},
		"title": {"translate":"biome.cinderscapes.blackstone_shales","fallback":"Blackstone Shales"},
		"description": {"color":"red","translate":"description.biome_advancements.cinderscapes.blackstone_shales","with": [{"translate": "biome.cinderscapes.blackstone_shales","fallback":"Blackstone Shales"}],"fallback":"Explore %s"},
		"frame": "task",
		"announce_to_chat": true
	},
	"parent": "biome_advancements:cinderscapes/cinderscapes",
	"criteria": {
		"cinderscapes:blackstone_shales": {
			"trigger": "minecraft:location",
			"conditions": {
				"player": {
					"location": {
						"biomes": "cinderscapes:blackstone_shales"
					}
				}
			}
		}
	},
	"rewards" :{
		"function" :"biome_advancements:system_use/cinderscapes_get"
	},
	"neoforge:conditions": [
		{
			"type": "neoforge:mod_loaded",
			"modid": "cinderscapes"
		}
	]
}