{
	"display": {
		"icon": {
			"id": "cinderscapes:umbral_fungus"
		},
		"title": {"translate":"description.biome_advancements.cinderscapes","fallback":"Cinderscapes"},
		"description": {"color":"red","translate":"description.biome_advancements.cinderscapes","fallback":""},
		"frame": "task",
		"announce_to_chat": false,
		"show_toast": false,
		"hidden": true
	},
	"parent": "biome_advancements:root/root",
	"criteria": {
		"cinderscapes": {
			"trigger": "minecraft:impossible"
		}
	},
	"rewards" :{
		"function" :"biome_advancements:system_use/root_get"
	},
	"neoforge:conditions": [
		{
			"type": "neoforge:mod_loaded",
			"modid": "cinderscapes"
		}
	]
}