{
	"display": {
		"icon": {
			"id": "cinderscapes:umbral_nylium"
		},
		"title": {"translate":"biome.cinderscapes.luminous_grove","fallback":"Luminous Grove"},
		"description": {"color":"dark_blue","translate":"description.biome_advancements.cinderscapes.luminous_grove","with": [{"translate": "biome.cinderscapes.luminous_grove","fallback":"Luminous Grove"}],"fallback":"Explore %s"},
		"frame": "task",
		"announce_to_chat": true
	},
	"parent": "biome_advancements:cinderscapes/cinderscapes",
	"criteria": {
		"cinderscapes:luminous_grove": {
			"trigger": "minecraft:location",
			"conditions": {
				"player": {
					"location": {
						"biomes": "cinderscapes:luminous_grove"
					}
				}
			}
		}
	},
	"rewards" :{
		"function" :"biome_advancements:system_use/cinderscapes_get"
	},
	"neoforge:conditions": [
		{
			"type": "neoforge:mod_loaded",
			"modid": "cinderscapes"
		}
	]
}