{
	"display": {
		"icon": {
			"id": "cinderscapes:crystalline_sulfur_quartz"
		},
		"title": {"translate":"biome.cinderscapes.quartz_cavern","fallback":"Quartz Cavern"},
		"description": {"color":"red","translate":"description.biome_advancements.cinderscapes.quartz_cavern","with": [{"translate": "biome.cinderscapes.quartz_cavern","fallback":"Quartz Cavern"}],"fallback":"Explore %s"},
		"frame": "task",
		"announce_to_chat": true
	},
	"parent": "biome_advancements:cinderscapes/cinderscapes",
	"criteria": {
		"cinderscapes:quartz_cavern": {
			"trigger": "minecraft:location",
			"conditions": {
				"player": {
					"location": {
						"biomes": "cinderscapes:quartz_cavern"
					}
				}
			}
		}
	},
	"rewards" :{
		"function" :"biome_advancements:system_use/cinderscapes_get"
	},
	"neoforge:conditions": [
		{
			"type": "neoforge:mod_loaded",
			"modid": "cinderscapes"
		}
	]
}