{
	"display": {
		"icon": {
			"id": "betternether:cincinnasite_lantern"
		},
		"title": {"translate":"description.biome_advancements.betternether","fallback":"更好的下界"},
		"description": {"color":"red","translate":"description.biome_advancements.betternether","fallback":"一个改变了下界的模组"},
		"frame": "task",
		"announce_to_chat": false,
		"show_toast": false,
		"hidden": true
	},
	"parent": "biome_advancements:root/root",
	"criteria": {
		"betternether": {
			"trigger": "minecraft:impossible"
		}
	},
	"rewards" :{
		"function" :"biome_advancements:system_use/better_nether_get"
	},
	"neoforge:conditions": [
		{
			"type": "neoforge:mod_loaded",
			"modid": "betternether"
		}
	]
}