{
	"display": {
		"icon": {
			"id": "betternether:bone_grass"
		},
		"title": {"translate":"biome.betternether.bone_reef","fallback":"骨礁"},
		"description": {"color":"green","translate":"description.biome_advancements.betternether.bone_reef","with": [{"translate": "biome.betternether.bone_reef","fallback":"Bone Reef"}],"fallback":"Explore %s"},
		"frame": "task",
		"announce_to_chat": true
	},
	"parent": "biome_advancements:better_nether/better_nether",
	"criteria": {
		"betternether:bone_reef": {
			"trigger": "minecraft:location",
			"conditions": {
				"player": {
					"location": {
						"biomes": "betternether:bone_reef"
					}
				}
			}
		}
	},
	"rewards" :{
		"function" :"biome_advancements:system_use/better_nether_get"
	},
	"neoforge:conditions": [
		{
			"type": "neoforge:mod_loaded",
			"modid": "betternether"
		}
	]
}