{
	"display": {
		"icon": {
			"id": "betternether:golden_vine"
		},
		"title": {"translate":"biome.betternether.crimson_pinewood","fallback":"绯红木藤树林"},
		"description": {"color":"red","translate":"description.biome_advancements.betternether.crimson_pinewood","with": [{"translate": "biome.betternether.crimson_pinewood","fallback":"Crimson Pinewood"}],"fallback":"Explore %s"},
		"frame": "task",
		"announce_to_chat": true
	},
	"parent": "biome_advancements:better_nether/better_nether",
	"criteria": {
		"betternether:crimson_pinewood": {
			"trigger": "minecraft:location",
			"conditions": {
				"player": {
					"location": {
						"biomes": "betternether:crimson_pinewood"
					}
				}
			}
		}
	},
	"rewards" :{
		"function" :"biome_advancements:system_use/better_nether_get"
	},
	"neoforge:conditions": [
		{
			"type": "neoforge:mod_loaded",
			"modid": "betternether"
		}
	]
}