{
	"display": {
		"icon": {
			"id": "betternether:basalt_stalactite"
		},
		"title": {"translate":"biome.betternether.flooded_deltas","fallback":"漂浮三角洲"},
		"description": {"color":"gray","translate":"description.biome_advancements.betternether.flooded_deltas","with": [{"translate": "biome.betternether.flooded_deltas","fallback":"Flooded Deltas"}],"fallback":"Explore %s"},
		"frame": "task",
		"announce_to_chat": true
	},
	"parent": "biome_advancements:better_nether/better_nether",
	"criteria": {
		"betternether:flooded_deltas": {
			"trigger": "minecraft:location",
			"conditions": {
				"player": {
					"location": {
						"biomes": "betternether:flooded_deltas"
					}
				}
			}
		}
	},
	"rewards" :{
		"function" :"biome_advancements:system_use/better_nether_get"
	},
	"neoforge:conditions": [
		{
			"type": "neoforge:mod_loaded",
			"modid": "betternether"
		}
	]
}