{
	"display": {
		"icon": {
			"id": "betternether:nether_cactus"
		},
		"title": {"translate":"biome.betternether.gravel_desert","fallback":"砾石沙漠"},
		"description": {"color":"gray","translate":"description.biome_advancements.betternether.gravel_desert","with": [{"translate": "biome.betternether.gravel_desert","fallback":"Gravel Desert"}],"fallback":"Explore %s"},
		"frame": "task",
		"announce_to_chat": true
	},
	"parent": "biome_advancements:better_nether/better_nether",
	"criteria": {
		"betternether:gravel_desert": {
			"trigger": "minecraft:location",
			"conditions": {
				"player": {
					"location": {
						"biomes": "betternether:gravel_desert"
					}
				}
			}
		}
	},
	"rewards" :{
		"function" :"biome_advancements:system_use/better_nether_get"
	},
	"neoforge:conditions": [
		{
			"type": "neoforge:mod_loaded",
			"modid": "betternether"
		}
	]
}