{
	"display": {
		"icon": {
			"id": "betternether:geyser"
		},
		"title": {"translate":"biome.betternether.magma_land","fallback":"岩浆块岛"},
		"description": {"color":"red","translate":"description.biome_advancements.betternether.magma_land","with": [{"translate": "biome.betternether.magma_land","fallback":"Magma Land"}],"fallback":"Explore %s"},
		"frame": "task",
		"announce_to_chat": true
	},
	"parent": "biome_advancements:better_nether/better_nether",
	"criteria": {
		"betternether:magma_land": {
			"trigger": "minecraft:location",
			"conditions": {
				"player": {
					"location": {
						"biomes": "betternether:magma_land"
					}
				}
			}
		}
	},
	"rewards" :{
		"function" :"biome_advancements:system_use/better_nether_get"
	},
	"neoforge:conditions": [
		{
			"type": "neoforge:mod_loaded",
			"modid": "betternether"
		}
	]
}