{
	"display": {
		"icon": {
			"id": "betternether:ink_bush_seed"
		},
		"title": {"translate":"biome.betternether.nether_grasslands","fallback":"下界草原"},
		"description": {"color":"red","translate":"description.biome_advancements.betternether.nether_grasslands","with": [{"translate": "biome.betternether.nether_grasslands","fallback":"Nether Grasslands"}],"fallback":"Explore %s"},
		"frame": "task",
		"announce_to_chat": true
	},
	"parent": "biome_advancements:better_nether/better_nether",
	"criteria": {
		"betternether:nether_grasslands": {
			"trigger": "minecraft:location",
			"conditions": {
				"player": {
					"location": {
						"biomes": "betternether:nether_grasslands"
					}
				}
			}
		}
	},
	"rewards" :{
		"function" :"biome_advancements:system_use/better_nether_get"
	},
	"neoforge:conditions": [
		{
			"type": "neoforge:mod_loaded",
			"modid": "betternether"
		}
	]
}