{
	"display": {
		"icon": {
			"id": "betternether:swampland_grass"
		},
		"title": {"translate":"biome.betternether.nether_swampland_terraces","fallback":"下界沼泽梯田"},
		"description": {"color":"red","translate":"description.biome_advancements.betternether.nether_swampland_terraces","with": [{"translate": "biome.betternether.nether_swampland_terraces","fallback":"Nether Swampland Terraces"}],"fallback":"Explore %s"},
		"frame": "task",
		"announce_to_chat": true
	},
	"parent": "biome_advancements:better_nether/nether_swampland",
	"criteria": {
		"betternether:nether_swampland_terraces": {
			"trigger": "minecraft:location",
			"conditions": {
				"player": {
					"location": {
						"biomes": "betternether:nether_swampland_terraces"
					}
				}
			}
		}
	},
	"rewards" :{
		"function" :"biome_advancements:system_use/better_nether_get"
	},
	"neoforge:conditions": [
		{
			"type": "neoforge:mod_loaded",
			"modid": "betternether"
		}
	]
}