{
	"display": {
		"icon": {
			"id": "betternether:mushroom_fir_sapling"
		},
		"title": {"translate":"biome.betternether.nether_mushroom_forest","fallback":"下界蘑菇森林"},
		"description": {"color":"dark_blue","translate":"description.biome_advancements.betternether.nether_mushroom_forest","with": [{"translate": "biome.betternether.nether_mushroom_forest","fallback":"Nether Mushroom Forest"}],"fallback":"Explore %s"},
		"frame": "task",
		"announce_to_chat": true
	},
	"parent": "biome_advancements:better_nether/better_nether",
	"criteria": {
		"betternether:nether_mushroom_forest": {
			"trigger": "minecraft:location",
			"conditions": {
				"player": {
					"location": {
						"biomes": "betternether:nether_mushroom_forest"
					}
				}
			}
		}
	},
	"rewards" :{
		"function" :"biome_advancements:system_use/better_nether_get"
	},
	"neoforge:conditions": [
		{
			"type": "neoforge:mod_loaded",
			"modid": "betternether"
		}
	]
}