{
	"display": {
		"icon": {
			"id": "betternether:rubeus_log"
		},
		"title": {"translate":"biome.betternether.nether_jungle","fallback":"下界丛林"},
		"description": {"color":"dark_green","translate":"description.biome_advancements.betternether.nether_jungle","with": [{"translate": "biome.betternether.nether_jungle","fallback":"Nether Jungle"}],"fallback":"Explore %s"},
		"frame": "task",
		"announce_to_chat": true
	},
	"parent": "biome_advancements:better_nether/better_nether",
	"criteria": {
		"betternether:nether_jungle": {
			"trigger": "minecraft:location",
			"conditions": {
				"player": {
					"location": {
						"biomes": "betternether:nether_jungle"
					}
				}
			}
		}
	},
	"rewards" :{
		"function" :"biome_advancements:system_use/better_nether_get"
	},
	"neoforge:conditions": [
		{
			"type": "neoforge:mod_loaded",
			"modid": "betternether"
		}
	]
}