{
	"display": {
		"icon": {
			"id": "betternether:jungle_plant"
		},
		"title": {"translate":"biome.betternether.nether_mushroom_forest_edge","fallback":"下界蘑菇森林边缘"},
		"description": {"color":"red","translate":"description.biome_advancements.betternether.nether_mushroom_forest_edge","with": [{"translate": "biome.betternether.nether_mushroom_forest_edge","fallback":"Nether Mushroom Forest Edge"}],"fallback":"Explore %s"},
		"frame": "task",
		"announce_to_chat": true
	},
	"parent": "biome_advancements:better_nether/nether_mushroom_forest",
	"criteria": {
		"betternether:nether_mushroom_forest_edge": {
			"trigger": "minecraft:location",
			"conditions": {
				"player": {
					"location": {
						"biomes": "betternether:nether_mushroom_forest_edge"
					}
				}
			}
		}
	},
	"rewards" :{
		"function" :"biome_advancements:system_use/better_nether_get"
	},
	"neoforge:conditions": [
		{
			"type": "neoforge:mod_loaded",
			"modid": "betternether"
		}
	]
}