{
	"display": {
		"icon": {
			"id": "betternether:willow_leaves"
		},
		"title": {"translate":"biome.betternether.old_swampland","fallback":"古老的沼泽"},
		"description": {"color":"red","translate":"description.biome_advancements.betternether.old_swampland","with": [{"translate": "biome.betternether.old_swampland","fallback":"Old Swampland"}],"fallback":"Explore %s"},
		"frame": "task",
		"announce_to_chat": true
	},
	"parent": "biome_advancements:better_nether/nether_swampland",
	"criteria": {
		"betternether:old_swampland": {
			"trigger": "minecraft:location",
			"conditions": {
				"player": {
					"location": {
						"biomes": "betternether:old_swampland"
					}
				}
			}
		}
	},
	"rewards" :{
		"function" :"biome_advancements:system_use/better_nether_get"
	},
	"neoforge:conditions": [
		{
			"type": "neoforge:mod_loaded",
			"modid": "betternether"
		}
	]
}