{
	"display": {
		"icon": {
			"id": "betternether:black_vine"
		},
		"title": {"translate":"biome.betternether.old_warped_woods","fallback":"古老的诡异树林"},
		"description": {"color":"dark_blue","translate":"description.biome_advancements.betternether.old_warped_woods","with": [{"translate": "biome.betternether.old_warped_woods","fallback":"Old Warped Woods"}],"fallback":"Explore %s"},
		"frame": "task",
		"announce_to_chat": true
	},
	"parent": "biome_advancements:better_nether/better_nether",
	"criteria": {
		"betternether:old_warped_woods": {
			"trigger": "minecraft:location",
			"conditions": {
				"player": {
					"location": {
						"biomes": "betternether:old_warped_woods"
					}
				}
			}
		}
	},
	"rewards" :{
		"function" :"biome_advancements:system_use/better_nether_get"
	},
	"neoforge:conditions": [
		{
			"type": "neoforge:mod_loaded",
			"modid": "betternether"
		}
	]
}