{
	"display": {
		"icon": {
			"id": "betternether:soul_grass"
		},
		"title": {"translate":"biome.betternether.soul_plain","fallback":"灵魂平原"},
		"description": {"color":"dark_purple","translate":"description.biome_advancements.betternether.soul_plain","with": [{"translate": "biome.betternether.soul_plain","fallback":"Soul Plain"}],"fallback":"Explore %s"},
		"frame": "task",
		"announce_to_chat": true
	},
	"parent": "biome_advancements:better_nether/better_nether",
	"criteria": {
		"betternether:soul_plain": {
			"trigger": "minecraft:location",
			"conditions": {
				"player": {
					"location": {
						"biomes": "betternether:soul_plain"
					}
				}
			}
		}
	},
	"rewards" :{
		"function" :"biome_advancements:system_use/better_nether_get"
	},
	"neoforge:conditions": [
		{
			"type": "neoforge:mod_loaded",
			"modid": "betternether"
		}
	]
}