{
	"display": {
		"icon": {
			"id": "betternether:neon_equisetum"
		},
		"title": {"translate":"biome.betternether.upside_down_forest_cleared","fallback":"倒转森林空地"},
		"description": {"color":"light_purple","translate":"description.biome_advancements.betternether.upside_down_forest_cleared","with": [{"translate": "biome.betternether.upside_down_forest_cleared","fallback":"Upside Down Forest Cleared"}],"fallback":"Explore %s"},
		"frame": "task",
		"announce_to_chat": true
	},
	"parent": "biome_advancements:better_nether/upside_down_forest",
	"criteria": {
		"betternether:upside_down_forest_cleared": {
			"trigger": "minecraft:location",
			"conditions": {
				"player": {
					"location": {
						"biomes": "betternether:upside_down_forest_cleared"
					}
				}
			}
		}
	},
	"rewards" :{
		"function" :"biome_advancements:system_use/better_nether_get"
	},
	"neoforge:conditions": [
		{
			"type": "neoforge:mod_loaded",
			"modid": "betternether"
		}
	]
}