{
	"display": {
		"icon": {
			"id": "betternether:nether_sakura_log"
		},
		"title": {"translate":"biome.betternether.upside_down_forest","fallback":"倒转森林"},
		"description": {"color":"light_purple","translate":"description.biome_advancements.betternether.upside_down_forest","with": [{"translate": "biome.betternether.upside_down_forest","fallback":"Upside Down Forest"}],"fallback":"Explore %s"},
		"frame": "task",
		"announce_to_chat": true
	},
	"parent": "biome_advancements:better_nether/better_nether",
	"criteria": {
		"betternether:upside_down_forest": {
			"trigger": "minecraft:location",
			"conditions": {
				"player": {
					"location": {
						"biomes": "betternether:upside_down_forest"
					}
				}
			}
		}
	},
	"rewards" :{
		"function" :"biome_advancements:system_use/better_nether_get"
	},
	"neoforge:conditions": [
		{
			"type": "neoforge:mod_loaded",
			"modid": "betternether"
		}
	]
}