{
  "parent": "madv:mine/into_lava",
  "criteria": {
    "lava_bucket": {
      "conditions": {
        "items": [
          {
            "items": "minecraft:lava_bucket"
          }
        ]
      },
      "trigger": "minecraft:inventory_changed"
    }
  },
  "display": {
    "description": {
      "translate": "advancements.story.lava_bucket.description"
    },
    "icon": {
      "count": 1,
      "id": "minecraft:lava_bucket"
    },
    "title": {
      "translate": "advancements.story.lava_bucket.title"
    }
  },
  "requirements": [
    [
      "lava_bucket"
    ]
  ],
  "sends_telemetry_event": true
}