{
  "criteria": {
    "place_block": {
      "conditions": {
        "location": []
      },
      "trigger": "minecraft:placed_block"
    }
  },
  "display": {
    "announce_to_chat": false,
    "background": "minecraft:textures/block/grass_block_side.png",
    "description": {
      "translate": "advancements.story.root.description"
    },
    "icon": {
      "count": 1,
      "id": "minecraft:grass_block"
    },
    "show_toast": false,
    "title": {
      "translate": "advancements.story.root.title"
    }
  }
}