{
	"display": {
		"icon": {
			"id": "minecraft:twisting_vines"
		},
		"title": {"translate":"biome.bracken.arctic_knolls","fallback":"Arctic Knolls"},
		"description": {"color":"white","translate":"description.biome_advancements.bracken.arctic_knolls","with": [{"translate": "biome.bracken.glacium/boreal_frontier","fallback":"Arctic Knolls"}],"fallback":"Explore %s, it is in Glacium dimension"},
		"frame": "task",
		"announce_to_chat": true
	},
	"parent": "biome_advancements:bracken_pack/bracken_pack",
	"criteria": {
		"bracken:glacium/arctic_knolls": {
			"trigger": "minecraft:location",
			"conditions": {
				"player": {
					"location": {
						"biomes": "bracken:glacium/arctic_knolls"
					}
				}
			}
		}
	},
	"rewards" :{
		"function" :"biome_advancements:system_use/bracken_pack_get"
	},
	"neoforge:conditions": [
		{
			"type": "neoforge:mod_loaded",
			"modid": "bracken"
		}
	]
}