{
	"display": {
		"icon": {
			"id": "minecraft:packed_ice"
		},
		"title": {"translate":"biome.bracken.invasive_forest","fallback":"Invasive Forest"},
		"description": {"color":"blue","translate":"description.biome_advancements.bracken.invasive_forest","with": [{"translate": "biome.bracken.glacium/invasive_forest","fallback":"Invasive Forest"}],"fallback":"Explore %s, it is in Glacium dimension"},
		"frame": "task",
		"announce_to_chat": true
	},
	"parent": "biome_advancements:bracken_pack/bracken_pack",
	"criteria": {
		"bracken:glacium/invasive_forest": {
			"trigger": "minecraft:location",
			"conditions": {
				"player": {
					"location": {
						"biomes": "bracken:glacium/invasive_forest"
					}
				}
			}
		}
	},
	"rewards" :{
		"function" :"biome_advancements:system_use/bracken_pack_get"
	},
	"neoforge:conditions": [
		{
			"type": "neoforge:mod_loaded",
			"modid": "bracken"
		}
	]
}