{
	"display": {
		"icon": {
			"id": "minecraft:amethyst_block"
		},
		"title": {"translate":"biome.nullscape.crystal_peaks","fallback":"Crystal Peaks"},
		"description": {"color":"light_purple","translate":"description.biome_advancements.nullscape.crystal_peaks","with": [{"translate": "biome.nullscape.crystal_peaks","fallback":"Crystal Peaks"}],"fallback":"Explore %s"},
		"frame": "task",
		"announce_to_chat": true
	},
	"parent": "biome_advancements:nullscape/nullscape",
	"criteria": {
		"nullscape:crystal_peaks": {
			"trigger": "minecraft:location",
			"conditions": {
				"player": {
					"location": {
						"biomes": "nullscape:crystal_peaks"
					}
				}
			}
		}
	},
	"rewards" :{
		"function" :"biome_advancements:system_use/nullscape_get"
	},
	"neoforge:conditions": [
		{
			"type": "neoforge:mod_loaded",
			"modid": "nullscape"
		}
	]
}