{
	"display": {
		"icon": {
			"item": "minecraft:end_stone"
		},
		"title": {"translate":"title.biome_advancements.nullscape","fallback":"Just Enough Biome Advancements: Nullscape"},
		"description": {"color":"dark_purple","translate":"description.biome_advancements.nullscape","fallback":""},
		"frame": "task",
		"announce_to_chat": false,
		"show_toast": false,
		"hidden": true,
		"background": "minecraft:textures/block/end_stone_bricks.png"
	},
	"criteria": {
		"nullspace": {
			"trigger": "minecraft:impossible"
		}
	},
	"rewards" :{
		"function" :"biome_advancements:system_use/nullscape_rewards"
	}
}