{
	"display": {
		"icon": {
			"id": "minecraft:dead_horn_coral_block"
		},
		"title": {"translate":"biome.nullscape.shadowlands","fallback":"Shadowlands"},
		"description": {"color":"gray","translate":"description.biome_advancements.nullscape.shadowlands","with": [{"translate": "biome.nullscape.shadowlands","fallback":"Shadowlands"}],"fallback":"Explore %s"},
		"frame": "task",
		"announce_to_chat": true
	},
	"parent": "biome_advancements:nullscape/nullscape",
	"criteria": {
		"nullscape:shadowlands": {
			"trigger": "minecraft:location",
			"conditions": {
				"player": {
					"location": {
						"biomes": "nullscape:shadowlands"
					}
				}
			}
		}
	},
	"rewards" :{
		"function" :"biome_advancements:system_use/nullscape_get"
	},
	"neoforge:conditions": [
		{
			"type": "neoforge:mod_loaded",
			"modid": "nullscape"
		}
	]
}