{
	"display": {
		"icon": {
			"id": "minecraft:grass_block"
		},
		"title": {"translate":"biome.terralith.alpha_islands","fallback":"Alpha Islands"},
		"description": {"color":"green","translate":"description.biome_advancements.terralith.alpha_islands","with": [{"translate": "biome.terralith.alpha_islands","fallback":"Alpha Islands"}],"fallback":"Explore %s"},
		"frame": "goal",
		"announce_to_chat": true
	},
	"parent": "biome_advancements:terralith/terralith",
	"criteria": {
		"terralith:alpha_islands": {
			"trigger": "minecraft:location",
			"conditions": {
				"player": {
					"location": {
						"biomes": "terralith:alpha_islands"
					}
				}
			}
		}
	},
	"rewards" :{
		"function" :"biome_advancements:system_use/terralith_get"
	},
	"neoforge:conditions": [
		{
			"type": "neoforge:mod_loaded",
			"modid": "terralith"
		}
	]
}