{
	"display": {
		"icon": {
			"id": "minecraft:snow"
		},
		"title": {"translate":"biome.terralith.alpha_islands_winter","fallback":"Alpha Islands Winter"},
		"description": {"color":"white","translate":"description.biome_advancements.terralith.alpha_islands_winter","with": [{"translate": "biome.terralith.alpha_islands_winter","fallback":"Alpha Islands Winter"}],"fallback":"Explore %s"},
		"frame": "challenge",
		"announce_to_chat": true
	},
	"parent": "biome_advancements:terralith/alpha_islands",
	"criteria": {
		"terralith:alpha_islands_winter": {
			"trigger": "minecraft:location",
			"conditions": {
				"player": {
					"location": {
						"biomes": "terralith:alpha_islands_winter"
					}
				}
			}
		}
	},
	"rewards" :{
		"function" :"biome_advancements:system_use/terralith_get"
	},
	"neoforge:conditions": [
		{
			"type": "neoforge:mod_loaded",
			"modid": "terralith"
		}
	]
}