{
	"display": {
		"icon": {
			"id": "minecraft:white_terracotta"
		},
		"title": {"translate":"biome.terralith.alpine_highlands","fallback":"Alpine Highlands"},
		"description": {"color":"gray","translate":"description.biome_advancements.terralith.alpine_highlands","with": [{"translate": "biome.terralith.alpine_highlands","fallback":"Alpine Highlands"}],"fallback":"Explore %s"},
		"frame": "task",
		"announce_to_chat": true
	},
	"parent": "biome_advancements:terralith/terralith",
	"criteria": {
		"terralith:alpine_highlands": {
			"trigger": "minecraft:location",
			"conditions": {
				"player": {
					"location": {
						"biomes": "terralith:alpine_highlands"
					}
				}
			}
		}
	},
	"rewards" :{
		"function" :"biome_advancements:system_use/terralith_get"
	},
	"neoforge:conditions": [
		{
			"type": "neoforge:mod_loaded",
			"modid": "terralith"
		}
	]
}