{
	"display": {
		"icon": {
			"id": "minecraft:calcite"
		},
		"title": {"translate":"biome.terralith.amethyst_rainforest","fallback":"Amethyst Rainforest"},
		"description": {"color":"dark_purple","translate":"description.biome_advancements.terralith.amethyst_rainforest","with": [{"translate": "biome.terralith.amethyst_rainforest","fallback":"Amethyst Rainforest"}],"fallback":"Explore %s"},
		"frame": "task",
		"announce_to_chat": true
	},
	"parent": "biome_advancements:terralith/terralith",
	"criteria": {
		"terralith:amethyst_rainforest": {
			"trigger": "minecraft:location",
			"conditions": {
				"player": {
					"location": {
						"biomes": "terralith:amethyst_rainforest"
					}
				}
			}
		}
	},
	"rewards" :{
		"function" :"biome_advancements:system_use/terralith_get"
	},
	"neoforge:conditions": [
		{
			"type": "neoforge:mod_loaded",
			"modid": "terralith"
		}
	]
}