{
	"display": {
		"icon": {
			"id": "minecraft:amethyst_block"
		},
		"title": {"translate":"biome.terralith.amethyst_canyon","fallback":"Amethyst Canyon"},
		"description": {"color":"dark_purple","translate":"description.biome_advancements.terralith.amethyst_canyon","with": [{"translate": "biome.terralith.amethyst_canyon","fallback":"Amethyst Canyon"}],"fallback":"Explore %s"},
		"frame": "task",
		"announce_to_chat": true
	},
	"parent": "biome_advancements:terralith/amethyst_rainforest",
	"criteria": {
		"terralith:amethyst_canyon": {
			"trigger": "minecraft:location",
			"conditions": {
				"player": {
					"location": {
						"biomes": "terralith:amethyst_canyon"
					}
				}
			}
		}
	},
	"rewards" :{
		"function" :"biome_advancements:system_use/terralith_get"
	},
	"neoforge:conditions": [
		{
			"type": "neoforge:mod_loaded",
			"modid": "terralith"
		}
	]
}