{
	"display": {
		"icon": {
			"id": "minecraft:red_sand"
		},
		"title": {"translate":"biome.terralith.ancient_sands","fallback":"Ancient Sands"},
		"description": {"color":"red","translate":"description.biome_advancements.terralith.ancient_sands","with": [{"translate": "biome.terralith.ancient_sands","fallback":"Ancient Sands"}],"fallback":"Explore %s"},
		"frame": "task",
		"announce_to_chat": true
	},
	"parent": "biome_advancements:terralith/terralith",
	"criteria": {
		"terralith:ancient_sands": {
			"trigger": "minecraft:location",
			"conditions": {
				"player": {
					"location": {
						"biomes": "terralith:ancient_sands"
					}
				}
			}
		}
	},
	"rewards" :{
		"function" :"biome_advancements:system_use/terralith_get"
	},
	"neoforge:conditions": [
		{
			"type": "neoforge:mod_loaded",
			"modid": "terralith"
		}
	]
}