{
	"display": {
		"icon": {
			"id": "minecraft:blackstone"
		},
		"title": {"translate":"biome.terralith.ashen_savanna","fallback":"Ashen Savanna"},
		"description": {"color":"gray","translate":"description.biome_advancements.terralith.ashen_savanna","with": [{"translate": "biome.terralith.ashen_savanna","fallback":"Ashen Savanna"}],"fallback":"Explore %s"},
		"frame": "task",
		"announce_to_chat": true
	},
	"parent": "biome_advancements:terralith/terralith",
	"criteria": {
		"terralith:ashen_savanna": {
			"trigger": "minecraft:location",
			"conditions": {
				"player": {
					"location": {
						"biomes": "terralith:ashen_savanna"
					}
				}
			}
		}
	},
	"rewards" :{
		"function" :"biome_advancements:system_use/terralith_get"
	},
	"neoforge:conditions": [
		{
			"type": "neoforge:mod_loaded",
			"modid": "terralith"
		}
	]
}