{
	"display": {
		"icon": {
			"id": "minecraft:flowering_azalea_leaves"
		},
		"title": {"translate":"biome.terralith.blooming_valley","fallback":"Blooming Valley"},
		"description": {"color":"green","translate":"description.biome_advancements.terralith.blooming_valley","with": [{"translate": "biome.terralith.blooming_valley","fallback":"Blooming Valley"}],"fallback":"Explore %s"},
		"frame": "task",
		"announce_to_chat": true
	},
	"parent": "biome_advancements:terralith/blooming_plateau",
	"criteria": {
		"terralith:blooming_valley": {
			"trigger": "minecraft:location",
			"conditions": {
				"player": {
					"location": {
						"biomes": "terralith:blooming_valley"
					}
				}
			}
		}
	},
	"rewards" :{
		"function" :"biome_advancements:system_use/terralith_get"
	},
	"neoforge:conditions": [
		{
			"type": "neoforge:mod_loaded",
			"modid": "terralith"
		}
	]
}