{
	"display": {
		"icon": {
			"id": "minecraft:dead_bush"
		},
		"title": {"translate":"biome.terralith.brushland","fallback":"Brushland"},
		"description": {"color":"green","translate":"description.biome_advancements.terralith.brushland","with": [{"translate": "biome.terralith.brushland","fallback":"Brushland"}],"fallback":"Explore %s"},
		"frame": "task",
		"announce_to_chat": true
	},
	"parent": "biome_advancements:terralith/shrubland",
	"criteria": {
		"terralith:brushland": {
			"trigger": "minecraft:location",
			"conditions": {
				"player": {
					"location": {
						"biomes": "terralith:brushland"
					}
				}
			}
		}
	},
	"rewards" :{
		"function" :"biome_advancements:system_use/terralith_get"
	},
	"neoforge:conditions": [
		{
			"type": "neoforge:mod_loaded",
			"modid": "terralith"
		}
	]
}