{
	"display": {
		"icon": {
			"id": "minecraft:oxeye_daisy"
		},
		"title": {"translate":"biome.terralith.cloud_forest","fallback":"Cloud Forest"},
		"description": {"color":"green","translate":"description.biome_advancements.terralith.cloud_forest","with": [{"translate": "biome.terralith.cloud_forest","fallback":"Cloud Forest"}],"fallback":"Explore %s"},
		"frame": "task",
		"announce_to_chat": true
	},
	"parent": "biome_advancements:terralith/terralith",
	"criteria": {
		"terralith:cloud_forest": {
			"trigger": "minecraft:location",
			"conditions": {
				"player": {
					"location": {
						"biomes": "terralith:cloud_forest"
					}
				}
			}
		}
	},
	"rewards" :{
		"function" :"biome_advancements:system_use/terralith_get"
	},
	"neoforge:conditions": [
		{
			"type": "neoforge:mod_loaded",
			"modid": "terralith"
		}
	]
}