{
	"display": {
		"icon": {
			"id": "minecraft:spruce_log"
		},
		"title": {"translate":"biome.terralith.cold_shrubland","fallback":"Cold Shrubland"},
		"description": {"color":"red","translate":"description.biome_advancements.terralith.cold_shrubland","with": [{"translate": "biome.terralith.cold_shrubland","fallback":"Cold Shrubland"}],"fallback":"Explore %s"},
		"frame": "task",
		"announce_to_chat": true
	},
	"parent": "biome_advancements:terralith/shrubland",
	"criteria": {
		"terralith:cold_shrubland": {
			"trigger": "minecraft:location",
			"conditions": {
				"player": {
					"location": {
						"biomes": "terralith:cold_shrubland"
					}
				}
			}
		}
	},
	"rewards" :{
		"function" :"biome_advancements:system_use/terralith_get"
	},
	"neoforge:conditions": [
		{
			"type": "neoforge:mod_loaded",
			"modid": "terralith"
		}
	]
}