{
	"display": {
		"icon": {
			"id": "minecraft:smooth_sandstone"
		},
		"title": {"translate":"biome.terralith.desert_spires","fallback":"Desert Spires"},
		"description": {"color":"yellow","translate":"description.biome_advancements.terralith.desert_spires","with": [{"translate": "biome.terralith.desert_spires","fallback":"Desert Spires"}],"fallback":"Explore %s"},
		"frame": "task",
		"announce_to_chat": true
	},
	"parent": "biome_advancements:terralith/terralith",
	"criteria": {
		"terralith:desert_spires": {
			"trigger": "minecraft:location",
			"conditions": {
				"player": {
					"location": {
						"biomes": "terralith:desert_spires"
					}
				}
			}
		}
	},
	"rewards" :{
		"function" :"biome_advancements:system_use/terralith_get"
	},
	"neoforge:conditions": [
		{
			"type": "neoforge:mod_loaded",
			"modid": "terralith"
		}
	]
}