{
	"display": {
		"icon": {
			"id": "minecraft:deepslate_emerald_ore"
		},
		"title": {"translate":"biome.terralith.emerald_peaks","fallback":"Emerald Peaks"},
		"description": {"color":"gray","translate":"description.biome_advancements.terralith.emerald_peaks","with": [{"translate": "biome.terralith.emerald_peaks","fallback":"Emerald Peaks"}],"fallback":"Explore %s"},
		"frame": "task",
		"announce_to_chat": true
	},
	"parent": "biome_advancements:terralith/terralith",
	"criteria": {
		"terralith:emerald_peaks": {
			"trigger": "minecraft:location",
			"conditions": {
				"player": {
					"location": {
						"biomes": "terralith:emerald_peaks"
					}
				}
			}
		}
	},
	"rewards" :{
		"function" :"biome_advancements:system_use/terralith_get"
	},
	"neoforge:conditions": [
		{
			"type": "neoforge:mod_loaded",
			"modid": "terralith"
		}
	]
}