{
	"display": {
		"icon": {
			"id": "minecraft:flint"
		},
		"title": {"translate":"biome.terralith.gravel_beach","fallback":"Gravel Beach"},
		"description": {"color":"gray","translate":"description.biome_advancements.terralith.gravel_beach","with": [{"translate": "biome.terralith.gravel_beach","fallback":"Gravel Beach"}],"fallback":"Explore %s"},
		"frame": "task",
		"announce_to_chat": true
	},
	"parent": "biome_advancements:terralith/terralith",
	"criteria": {
		"terralith:gravel_beach": {
			"trigger": "minecraft:location",
			"conditions": {
				"player": {
					"location": {
						"biomes": "terralith:gravel_beach"
					}
				}
			}
		}
	},
	"rewards" :{
		"function" :"biome_advancements:system_use/terralith_get"
	},
	"neoforge:conditions": [
		{
			"type": "neoforge:mod_loaded",
			"modid": "terralith"
		}
	]
}