{
	"display": {
		"icon": {
			"id": "minecraft:stripped_oak_log"
		},
		"title": {"translate":"biome.terralith.ice_marsh","fallback":"Ice Marsh"},
		"description": {"color":"white","translate":"description.biome_advancements.terralith.ice_marsh","with": [{"translate": "biome.terralith.ice_marsh","fallback":"Ice Marsh"}],"fallback":"Explore %s"},
		"frame": "task",
		"announce_to_chat": true
	},
	"parent": "biome_advancements:terralith/terralith",
	"criteria": {
		"terralith:ice_marsh": {
			"trigger": "minecraft:location",
			"conditions": {
				"player": {
					"location": {
						"biomes": "terralith:ice_marsh"
					}
				}
			}
		}
	},
	"rewards" :{
		"function" :"biome_advancements:system_use/terralith_get"
	},
	"neoforge:conditions": [
		{
			"type": "neoforge:mod_loaded",
			"modid": "terralith"
		}
	]
}