{
	"display": {
		"icon": {
			"id": "minecraft:red_tulip"
		},
		"title": {"translate":"biome.terralith.lavender_valley","fallback":"Lavender Valley"},
		"description": {"color":"light_purple","translate":"description.biome_advancements.terralith.lavender_valley","with": [{"translate": "biome.terralith.lavender_valley","fallback":"Lavender Valley"}],"fallback":"Explore %s"},
		"frame": "task",
		"announce_to_chat": true
	},
	"parent": "biome_advancements:terralith/lavender_forest",
	"criteria": {
		"terralith:lavender_valley": {
			"trigger": "minecraft:location",
			"conditions": {
				"player": {
					"location": {
						"biomes": "terralith:lavender_valley"
					}
				}
			}
		}
	},
	"rewards" :{
		"function" :"biome_advancements:system_use/terralith_get"
	},
	"neoforge:conditions": [
		{
			"type": "neoforge:mod_loaded",
			"modid": "terralith"
		}
	]
}