{
	"display": {
		"icon": {
			"id": "minecraft:dark_oak_log"
		},
		"title": {"translate":"biome.terralith.lavender_forest","fallback":"Lavender Forest"},
		"description": {"color":"light_purple","translate":"description.biome_advancements.terralith.lavender_forest","with": [{"translate": "biome.terralith.lavender_forest","fallback":"Lavender Forest"}],"fallback":"Explore %s"},
		"frame": "task",
		"announce_to_chat": true
	},
	"parent": "biome_advancements:terralith/terralith",
	"criteria": {
		"terralith:lavender_forest": {
			"trigger": "minecraft:location",
			"conditions": {
				"player": {
					"location": {
						"biomes": "terralith:lavender_forest"
					}
				}
			}
		}
	},
	"rewards" :{
		"function" :"biome_advancements:system_use/terralith_get"
	},
	"neoforge:conditions": [
		{
			"type": "neoforge:mod_loaded",
			"modid": "terralith"
		}
	]
}