{
	"display": {
		"icon": {
			"id": "minecraft:blackstone"
		},
		"title": {"translate":"biome.bracken.blackwater_depths","fallback":"Blackwater Depths"},
		"description": {"color":"gray","translate":"description.biome_advancements.bracken.blackwater_depths","with": [{"translate": "biome.bracken.the_brine/blackwater_depths","fallback":"Blackwater Depths"}],"fallback":"Explore %s, it is in The Brine dimension"},
		"frame": "task",
		"announce_to_chat": true
	},
	"parent": "biome_advancements:bracken_pack/bracken_pack",
	"criteria": {
		"bracken:the_brine/blackwater_depths": {
			"trigger": "minecraft:location",
			"conditions": {
				"player": {
					"location": {
						"biomes": "bracken:the_brine/blackwater_depths"
					}
				}
			}
		}
	},
	"rewards" :{
		"function" :"biome_advancements:system_use/bracken_pack_get"
	},
	"neoforge:conditions": [
		{
			"type": "neoforge:mod_loaded",
			"modid": "bracken"
		}
	]
}