{
	"display": {
		"icon": {
			"id": "minecraft:brown_mushroom_block"
		},
		"title": {"translate":"biome.bracken.incursive_fungus","fallback":"Incursive Fungus"},
		"description": {"color":"light_purple","translate":"description.biome_advancements.bracken.incursive_fungus","with": [{"translate": "biome.bracken.the_brine/incursive_fungus","fallback":"Incursive Fungus"}],"fallback":"Explore %s, it is in The Brine dimension"},
		"frame": "task",
		"announce_to_chat": true
	},
	"parent": "biome_advancements:bracken_pack/bracken_pack",
	"criteria": {
		"bracken:the_brine/incursive_fungus": {
			"trigger": "minecraft:location",
			"conditions": {
				"player": {
					"location": {
						"biomes": "bracken:the_brine/incursive_fungus"
					}
				}
			}
		}
	},
	"rewards" :{
		"function" :"biome_advancements:system_use/bracken_pack_get"
	},
	"neoforge:conditions": [
		{
			"type": "neoforge:mod_loaded",
			"modid": "bracken"
		}
	]
}