{
	"display": {
		"icon": {
			"id": "minecraft:sugar"
		},
		"title": {"translate":"biome.bracken.sugar_sand_beach","fallback":"Sugar Sand Beach"},
		"description": {"color":"yellow","translate":"description.biome_advancements.bracken.sugar_sand_beach","with": [{"translate": "biome.bracken.the_brine/sugar_sand_beach","fallback":"Sugar Sand Beach"}],"fallback":"Explore %s, it is in The Brine dimension"},
		"frame": "task",
		"announce_to_chat": true
	},
	"parent": "biome_advancements:bracken_pack/bracken_pack",
	"criteria": {
		"bracken:the_brine/sugar_sand_beach": {
			"trigger": "minecraft:location",
			"conditions": {
				"player": {
					"location": {
						"biomes": "bracken:the_brine/sugar_sand_beach"
					}
				}
			}
		}
	},
	"rewards" :{
		"function" :"biome_advancements:system_use/bracken_pack_get"
	},
	"neoforge:conditions": [
		{
			"type": "neoforge:mod_loaded",
			"modid": "bracken"
		}
	]
}