{
    "display": {
        "icon": {
            "id":"minecraft:zombie_head"
        },
        "frame": "task",
        "title": "僵尸危机",
        "description": "击杀一只僵尸"
    },
    "criteria": {
        "zombie":{
            "trigger": "minecraft:player_killed_entity",
            "conditions": {
                "entity": {
                    "type": "#minecraft:zombies"
                }
            }
        }
    },
    "parent": "madv:monsters_and_combat/root"
}