{
    "display": {
        "icon": {
            "id":"minecraft:creeper_head"
        },
        "frame": "task",
        "title": "滋滋滋……",
        "description": "击杀一只苦力怕"
    },
    "criteria": {
        "creeper":{
            "trigger": "minecraft:player_killed_entity",
            "conditions": {
                "entity": {
                    "type": "minecraft:creeper"
                }
            }
        }
    },
    "parent": "madv:monsters_and_combat/kill_skeleton"
}