{
    "display": {
        "icon": {
            "id":"minecraft:wooden_sword"
        },
        "frame": "task",
        "title": "空手道",
        "description": "空手击杀一只僵尸"
    },
    "criteria": {
        "zombie":{
            "trigger": "minecraft:player_killed_entity",
            "conditions": {
                "entity": {
                    "type": "#minecraft:zombies"
                },
                "player": {
                    "slots": {
                        "weapon.mainhand": {
                            "items": "minecraft:air"
                        }
                    }
                }
            }
        }
    },
    "parent": "madv:monsters_and_combat/kill_zombie"
}