{
    "display": {
        "icon": {
            "id":"minecraft:skeleton_skull"
        },
        "frame": "task",
        "title": "白骨嶙峋",
        "description": "击杀一只骷髅"
    },
    "criteria": {
        "skeleton":{
            "trigger": "minecraft:player_killed_entity",
            "conditions": {
                "entity": {
                    "type": "#minecraft:skeletons"
                }
            }
        }
    },
    "parent": "madv:monsters_and_combat/kill_zombie"
}