{
	"display": {
		"icon": {
			"id": "deeperdarker:heart_of_the_deep"
		},
		"title": {"translate":"title.biome_advancements.deeperdarker","fallback":"Deeper And Darker"},
		"description": {"color":"gray","translate":"description.biome_advancements.deeperdarker","fallback":""},
		"frame": "task",
		"announce_to_chat": false,
		"show_toast": false,
		"hidden": true
	},
	"parent": "biome_advancements:root/root",
	"criteria": {
		"deeperdarker": {
			"trigger": "minecraft:impossible"
		}
	},
	"rewards" :{
		"function" :"biome_advancements:system_use/root_get"
	}
}