{
	"display": {
		"icon": {
			"id": "deeperdarker:sculk_grime"
		},
		"title": {"translate":"biome.deeperdarker.deeplands","fallback":"Deeplands"},
		"description": {"color":"gray","translate":"description.biome_advancements.deeperdarker.deeplands","with": [{"translate": "biome.deeperdarker.deeplands","fallback":"Deeplands"}],"fallback":"Explore %s"},
		"frame": "task",
		"announce_to_chat": true
	},
	"parent": "biome_advancements:deeper_and_darker/deeper_and_darker",
	"criteria": {
		"deeperdarker:deeplands": {
			"trigger": "minecraft:location",
			"conditions": {
				"player": {
					"location": {
						"biomes": "deeperdarker:deeplands"
					}
				}
			}
		}
	},
	"rewards" :{
		"function" :"biome_advancements:system_use/deeper_and_darker_get"
	},
	"neoforge:conditions": [
		{
			"type": "neoforge:mod_loaded",
			"modid": "deeperdarker"
		}
	]
}