{
	"display": {
		"icon": {
			"id": "deeperdarker:gloomy_cactus"
		},
		"title": {"translate":"biome.deeperdarker.overcast_columns","fallback":"Overcast Columns"},
		"description": {"color":"red","translate":"description.biome_advancements.deeperdarker.overcast_columns","with": [{"translate": "biome.deeperdarker.overcast_columns","fallback":"Overcast Columns"}],"fallback":"Explore %s"},
		"frame": "task",
		"announce_to_chat": true
	},
	"parent": "biome_advancements:deeper_and_darker/deeper_and_darker",
	"criteria": {
		"deeperdarker:overcast_columns": {
			"trigger": "minecraft:location",
			"conditions": {
				"player": {
					"location": {
						"biomes": "deeperdarker:overcast_columns"
					}
				}
			}
		}
	},
	"rewards" :{
		"function" :"biome_advancements:system_use/deeper_and_darker_get"
	}
}