{
	"display": {
		"icon": {
			"id": "minecraft:grass_block"
		},
		"title": {"translate":"biome.bracken.clandestine_castlegrounds","fallback":"Clandestine Castlegrounds"},
		"description": {"color":"green","translate":"description.biome_advancements.bracken.clandestine_castlegrounds","with": [{"translate": "biome.bracken.the_faewild/clandestine_castlegrounds","fallback":"Clandestine Castlegrounds"}],"fallback":"Explore %s, it is in The Faewild dimension"},
		"frame": "task",
		"announce_to_chat": true
	},
	"parent": "biome_advancements:bracken_pack/bracken_pack",
	"criteria": {
		"bracken:the_faewild/clandestine_castlegrounds": {
			"trigger": "minecraft:location",
			"conditions": {
				"player": {
					"location": {
						"biomes": "bracken:the_faewild/clandestine_castlegrounds"
					}
				}
			}
		}
	},
	"rewards" :{
		"function" :"biome_advancements:system_use/bracken_pack_get"
	},
	"neoforge:conditions": [
		{
			"type": "neoforge:mod_loaded",
			"modid": "bracken"
		}
	]
}