{
	"display": {
		"icon": {
			"id": "minecraft:phantom_membrane"
		},
		"title": {"translate":"biome.bracken.wanderlight_woods","fallback":"Wanderlight Woods"},
		"description": {"color":"green","translate":"description.biome_advancements.bracken.wanderlight_woods","with": [{"translate": "biome.bracken.the_faewild/wanderlight_woods","fallback":"Wanderlight Woods"}],"fallback":"Explore %s, it is in The Faewild dimension"},
		"frame": "task",
		"announce_to_chat": true
	},
	"parent": "biome_advancements:bracken_pack/bracken_pack",
	"criteria": {
		"bracken:the_faewild/wanderlight_woods": {
			"trigger": "minecraft:location",
			"conditions": {
				"player": {
					"location": {
						"biomes": "bracken:the_faewild/wanderlight_woods"
					}
				}
			}
		}
	},
	"rewards" :{
		"function" :"biome_advancements:system_use/bracken_pack_get"
	},
	"neoforge:conditions": [
		{
			"type": "neoforge:mod_loaded",
			"modid": "bracken"
		}
	]
}