﻿{
	"display": {
		"icon": {
			"id": "biomesoplenty:bop_icon"
		},
		"title": {"translate":"title.biome_advancements.biomesoplenty","fallback":"Biomes O' Plenty"},
		"description": {"color":"green","translate":"description.biome_advancements.biomesoplenty","fallback":"每个探险家的梦想"},
		"frame": "task",
		"announce_to_chat": false,
		"show_toast": false,
		"hidden": true
	},
	"parent": "biome_advancements:root/root",
	"criteria": {
		"biomeoplenty": {
			"trigger": "minecraft:impossible"
		}
	},
	"rewards" :{
		"function" :"biome_advancements:system_use/root_get"
	}
}