{
	"display": {
		"icon": {
			"id": "biomesoplenty:large_rose_quartz_bud"
		},
		"title": {"translate":"biome.biomesoplenty.crystalline_chasm","fallback":"Crystalline Chasm"},
		"description": {"color":"red","translate":"description.biome_advancements.biomesoplenty.crystalline_chasm","with": [{"translate": "biome.biomesoplenty.crystalline_chasm","fallback":"Crystalline Chasm"}],"fallback":"Explore %s"},
		"frame": "task",
		"announce_to_chat": true
	},
	"parent": "biome_advancements:biomes_o_plenty/biomes_o_plenty",
	"criteria": {
		"biomesoplenty:crystalline_chasm": {
			"trigger": "minecraft:location",
			"conditions": {
				"player": {
					"location": {
						"biomes": "biomesoplenty:crystalline_chasm"
					}
				}
			}
		}
	},
	"rewards" :{
		"function" :"biome_advancements:system_use/biomes_o_plenty_get"
	},
	"neoforge:conditions": [
		{
			"type": "neoforge:mod_loaded",
			"modid": "biomesoplenty"
		}
	]
}