{
	"display": {
		"icon": {
			"id": "minecraft:iron_ore"
		},
		"title": {"translate":"biome.biomesoplenty.jade_cliffs","fallback":"Jade Cliffs"},
		"description": {"color":"green","translate":"description.biome_advancements.biomesoplenty.jade_cliffs","with": [{"translate": "biome.biomesoplenty.jade_cliffs","fallback":"Jade Cliffs"}],"fallback":"Explore %s"},
		"frame": "task",
		"announce_to_chat": true
	},
	"parent": "biome_advancements:biomes_o_plenty/biomes_o_plenty",
	"criteria": {
		"biomesoplenty:jade_cliffs": {
			"trigger": "minecraft:location",
			"conditions": {
				"player": {
					"location": {
						"biomes": "biomesoplenty:jade_cliffs"
					}
				}
			}
		}
	},
	"rewards" :{
		"function" :"biome_advancements:system_use/biomes_o_plenty_get"
	},
	"neoforge:conditions": [
		{
			"type": "neoforge:mod_loaded",
			"modid": "biomesoplenty"
		}
	]
}