{
	"display": {
		"icon": {
			"id": "minecraft:terracotta"
		},
		"title": {"translate":"biome.biomesoplenty.rocky_rainforest","fallback":"Rocky Rainforest"},
		"description": {"color":"green","translate":"description.biome_advancements.biomesoplenty.rocky_rainforest","with": [{"translate": "biome.biomesoplenty.rocky_rainforest","fallback":"Rocky Rainforest"}],"fallback":"Explore %s"},
		"frame": "task",
		"announce_to_chat": true
	},
	"parent": "biome_advancements:biomes_o_plenty/rainforest",
	"criteria": {
		"biomesoplenty:rocky_rainforest": {
			"trigger": "minecraft:location",
			"conditions": {
				"player": {
					"location": {
						"biomes": "biomesoplenty:rocky_rainforest"
					}
				}
			}
		}
	},
	"rewards" :{
		"function" :"biome_advancements:system_use/biomes_o_plenty_get"
	},
	"neoforge:conditions": [
		{
			"type": "neoforge:mod_loaded",
			"modid": "biomesoplenty"
		}
	]
}