{
	"display": {
		"icon": {
			"id": "minecraft:snow"
		},
		"title": {"translate":"biome.biomesoplenty.snowy_fir_clearing","fallback":"Snowy Fir Clearing"},
		"description": {"color":"white","translate":"description.biome_advancements.biomesoplenty.snowy_fir_clearing","with": [{"translate": "biome.biomesoplenty.snowy_fir_clearing","fallback":"Snowy Fir Clearing"}],"fallback":"Explore %s"},
		"frame": "task",
		"announce_to_chat": true
	},
	"parent": "biome_advancements:biomes_o_plenty/fir_clearing",
	"criteria": {
		"biomesoplenty:snowy_fir_clearing": {
			"trigger": "minecraft:location",
			"conditions": {
				"player": {
					"location": {
						"biomes": "biomesoplenty:snowy_fir_clearing"
					}
				}
			}
		}
	},
	"rewards" :{
		"function" :"biome_advancements:system_use/biomes_o_plenty_get"
	},
	"neoforge:conditions": [
		{
			"type": "neoforge:mod_loaded",
			"modid": "biomesoplenty"
		}
	]
}