{
	"display": {
		"icon": {
			"id": "biomesoplenty:snowblossom_leaves"
		},
		"title": {"translate":"biome.biomesoplenty.snowblossom_grove","fallback":"Snowblossom Grove"},
		"description": {"color":"white","translate":"description.biome_advancements.biomesoplenty.snowblossom_grove","with": [{"translate": "biome.biomesoplenty.snowblossom_grove","fallback":"Snowblossom Grove"}],"fallback":"Explore %s"},
		"frame": "task",
		"announce_to_chat": true
	},
	"parent": "biome_advancements:biomes_o_plenty/biomeoplenty",
	"criteria": {
		"biomesoplenty:snowblossom_grove": {
			"trigger": "minecraft:location",
			"conditions": {
				"player": {
					"location": {
						"biomes": "biomesoplenty:snowblossom_grove"
					}
				}
			}
		}
	},
	"rewards" :{
		"function" :"biome_advancements:system_use/biomes_o_plenty_get"
	},
	"neoforge:conditions": [
		{
			"type": "neoforge:mod_loaded",
			"modid": "biomesoplenty"
		}
	]
}