{
	"display": {
		"icon": {
			"id": "biomesoplenty:palm_log"
		},
		"title": {"translate":"biome.biomesoplenty.tropics","fallback":"Tropics"},
		"description": {"color":"red","translate":"description.biome_advancements.biomesoplenty.tropics","with": [{"translate": "biome.biomesoplenty.tropics","fallback":"Tropics"}],"fallback":"Explore %s"},
		"frame": "challenge",
		"announce_to_chat": true
	},
	"parent": "biome_advancements:biomes_o_plenty/biomes_o_plenty",
	"criteria": {
		"biomesoplenty:tropics": {
			"trigger": "minecraft:location",
			"conditions": {
				"player": {
					"location": {
						"biomes": "biomesoplenty:tropics"
					}
				}
			}
		}
	},
	"rewards" :{
		"function" :"biome_advancements:system_use/biomes_o_plenty_get"
	},
	"neoforge:conditions": [
		{
			"type": "neoforge:mod_loaded",
			"modid": "biomesoplenty"
		}
	]
}