{
	"display": {
		"icon": {
			"id": "biomesoplenty:black_sand"
		},
		"title": {"translate":"biome.biomesoplenty.volcanic_plains","fallback":"Volcanic Plains"},
		"description": {"color":"red","translate":"description.biome_advancements.biomesoplenty.volcanic_plains","with": [{"translate": "biome.biomesoplenty.volcanic_plains","fallback":"Volcanic Plains"}],"fallback":"Explore %s"},
		"frame": "task",
		"announce_to_chat": true
	},
	"parent": "biome_advancements:biomes_o_plenty/volcano",
	"criteria": {
		"biomesoplenty:volcanic_plains": {
			"trigger": "minecraft:location",
			"conditions": {
				"player": {
					"location": {
						"biomes": "biomesoplenty:volcanic_plains"
					}
				}
			}
		}
	},
	"rewards" :{
		"function" :"biome_advancements:system_use/biomes_o_plenty_get"
	},
	"neoforge:conditions": [
		{
			"type": "neoforge:mod_loaded",
			"modid": "biomesoplenty"
		}
	]
} 