{
	"display": {
		"icon": {
			"id": "biomesoplenty:origin_leaves"
		},
		"title": {"translate":"biome.biomesoplenty.wintry_origin_valley","fallback":"Wintry Origin Valley"},
		"description": {"color":"white","translate":"description.biome_advancements.biomesoplenty.wintry_origin_valley","with": [{"translate": "biome.biomesoplenty.wintry_origin_valley","fallback":"Wintry Origin Valley"}],"fallback":"Explore %s"},
		"frame": "task",
		"announce_to_chat": true
	},
	"parent": "biome_advancements:biomes_o_plenty/origin_valley",
	"criteria": {
		"biomesoplenty:wintry_origin_valley": {
			"trigger": "minecraft:location",
			"conditions": {
				"player": {
					"location": {
						"biomes": "biomesoplenty:wintry_origin_valley"
					}
				}
			}
		}
	},
	"rewards" :{
		"function" :"biome_advancements:system_use/biomes_o_plenty_get"
	},
	"neoforge:conditions": [
		{
			"type": "neoforge:mod_loaded",
			"modid": "biomesoplenty"
		}
	]
}