{
	"display": {
		"icon": {
			"id": "biomesoplenty:toadstool"
		},
		"title": {"translate":"biome.biomesoplenty.woodland","fallback":"Woodland"},
		"description": {"color":"green","translate":"description.biome_advancements.biomesoplenty.woodland","with": [{"translate": "biome.biomesoplenty.woodland","fallback":"Woodland"}],"fallback":"Explore %s"},
		"frame": "task",
		"announce_to_chat": true
	},
	"parent": "biome_advancements:biomes_o_plenty/biomes_o_plenty",
	"criteria": {
		"biomesoplenty:woodland": {
			"trigger": "minecraft:location",
			"conditions": {
				"player": {
					"location": {
						"biomes": "biomesoplenty:woodland"
					}
				}
			}
		}
	},
	"rewards" :{
		"function" :"biome_advancements:system_use/biomes_o_plenty_get"
	},
	"neoforge:conditions": [
		{
			"type": "neoforge:mod_loaded",
			"modid": "biomesoplenty"
		}
	]
}