{
	"display": {
		"icon": {
			"id": "minecraft:grass_block"
		},
		"title": {"translate":"biome.terrablender.deferred_placeholder","fallback": "Deferred Placeholder"},
		"description": {"color":"green","translate":"description.biome_advancements.terrablender.deferred_placeholder","with": [{"translate": "biome.terrablender.deferred_placeholder","fallback":"Deferred Placeholder"}],"fallback": "a hidden biome"},
		"frame": "challenge",
		"announce_to_chat": true
	},
	"parent": "biome_advancements:terrablender/terrablender",
	"criteria": {
		"terrablender:deferred_placeholder": {
			"trigger": "minecraft:location",
			"conditions": {
				"player": {
					"location": {
						"biomes": "terrablender:deferred_placeholder"
					}
				}
			}
		}
	},
	"rewards" :{
		"function" :"biome_advancements:system_use/terrablender_get"
	},
	"neoforge:conditions": [
		{
			"type": "neoforge:mod_loaded",
			"modid": "terrablender"
		}
	]
}