{
	"display": {
		"icon": {
			"id": "minecraft:command_block"
		},
		"title": {"translate":"title.biome_advancements.terrablender","fallback":"Just Enough Biome Advancements:Terrablender"},
		"description": {"color":"green","translate":"description.biome_advancements.terrablender","fallback":"A lib mod also has a biome?"},
		"background": "minecraft:textures/block/command_block_front.png",
		"show_toast": false,
		"announce_to_chat": false,
		"frame": "challenge"
	},
	"criteria": {
		"terrablender": {
			"trigger": "minecraft:impossible"
		}
	}
}