{
	"display": {
		"icon": {
			"id": "minecraft:structure_block",
            "components": {"minecraft:custom_model_data": 888501}
		},
		"title": {"translate":"title.biome_advancements.bracken","fallback":"更多生物群系进度：The Bracken Pack"},
		"description": {"color":"green","translate":"description.biome_advancements.bracken","fallback":"堪称整合包的超大型探索数据包"},
		"frame": "task",
		"announce_to_chat": false,
		"show_toast": false,
		"background": "minecraft:textures/block/bedrock.png"
	},
	"criteria": {
		"bracken": {
			"trigger": "minecraft:impossible"
		}
	},
	"rewards" :{
		"function" :"biome_advancements:system_use/bracken_pack_rewards"
	}
}