{
	"display": {
		"icon": {
			"id": "minecraft:structure_void"
		},
		"title": {"translate":"biome.bracken.void/void","fallback":"Void"},
		"description": {"color":"gray","with": [{"translate": "biome.bracken.void/void","fallback":"Void"}],"fallback":"Go to %s dimension"},
		"frame": "task",
		"announce_to_chat": true
	},
	"parent": "biome_advancements:bracken_pack/bracken_pack",
	"criteria": {
		"bracken:void/void": {
			"trigger": "minecraft:location",
			"conditions": {
				"player": {
					"location": {
						"biomes": "bracken:void/void"
					}
				}
			}
		}
	},
	"rewards" :{
		"function" :"biome_advancements:system_use/bracken_pack_get"
	},
	"neoforge:conditions": [
		{
			"type": "neoforge:mod_loaded",
			"modid": "bracken"
		}
	]
}