{
	"display": {
		"icon": {
			"id": "aoa3:abyssal_stone"
		},
		"title": {"translate":"biome.aoa3.abyssal_valley","fallback": "Abyssal Valley"},
		"description": {"color":"red","translate":"description.biome_advancements.aoa3.abyssal_valley","with": [{"translate": "biome.aoa3.abyssal_valley","fallback":"Abyssal Valley"}],"fallback":"Explore %s, it is in The Abyss dimension"},
		"frame": "task",
		"announce_to_chat": true
	},
	"parent": "biome_advancements:advent_of_ascension_3/advent_of_ascension_3",
	"criteria": {
		"aoa3:abyssal_valley": {
			"trigger": "minecraft:location",
			"conditions": {
				"player": {
					"location": {
						"biomes": "aoa3:abyssal_valley"
					}
				}
			}
		}
	},
	"rewards" :{
		"function" :"biome_advancements:system_use/advent_of_ascension_3_get"
	},
	"neoforge:conditions": [
		{
			"type": "neoforge:mod_loaded",
			"modid": "aoa3"
		}
	]
}