{
	"display": {
		"icon": {
			"id": "aoa3:alien_orb"
		},
		"title": {"translate":"title.biome_advancements.aoa3","fallback": "Advent Of Ascension 3"},
		"description": {"color":"red","translate":"description.biome_advancements.aoa3","fallback":"This mod is still in beta and is extremely unstable, so don't play it lightly"},
		"frame": "task",
		"announce_to_chat": false,
		"show_toast": false,
		"hidden": true
	},
	"parent": "biome_advancements:root/root",
	"criteria": {
		"aoa3": {
			"trigger": "minecraft:impossible"
		}
	},
	"rewards" :{
		"function" :"biome_advancements:system_use/advent_of_ascension_3_get"
	},
	"neoforge:conditions": [
		{
			"type": "neoforge:mod_loaded",
			"modid": "aoa3"
		}
	]
}