{
	"display": {
		"icon": {
			"id": "aoa3:baron_stone_bricks"
		},
		"title": {"translate":"biome.aoa3.barren_oasis","fallback": "Barren Oasis"},
		"description": {"color":"red","translate":"description.biome_advancements.aoa3.barren_oasis","with": [{"translate": "biome.aoa3.barren_oasis","fallback":"Barren Oasis"}],"fallback":"Explore %s, it is in The Abyss dimension"},
		"frame": "challenge",
		"announce_to_chat": true,
		"hidden": true
	},
	"parent": "biome_advancements:advent_of_ascension_3/advent_of_ascension_3",
	"criteria": {
		"aoa3:barren_oasis": {
			"trigger": "minecraft:location",
			"conditions": {
				"player": {
					"location": {
						"biomes": "aoa3:barren_oasis"
					}
				}
			}
		}
	},
	"rewards" :{
		"function" :"biome_advancements:system_use/advent_of_ascension_3_get"
	},
	"neoforge:conditions": [
		{
			"type": "neoforge:mod_loaded",
			"modid": "aoa3"
		}
	]
}