{
	"display": {
		"icon": {
			"id": "aoa3:crystallised_rock"
		},
		"title": {"translate":"biome.aoa3.crystal_caverns","fallback": "Crystal Caverns"},
		"description": {"color":"dark_purple","translate":"description.biome_advancurplements.aoa3.crystal_caverns","with": [{"translate": "biome.aoa3.crystal_caverns","fallback":"Crystal Caverns"}],"fallback":"Explore %s, it is in Crystevia dimension and cannot generate naturally at the moment"},
		"frame": "task",
		"announce_to_chat": true
	},
	"parent": "biome_advancements:advent_of_ascension_3/advent_of_ascension_3",
	"criteria": {
		"aoa3:crystal_caverns": {
			"trigger": "minecraft:location",
			"conditions": {
				"player": {
					"location": {
						"biomes": "aoa3:crystal_caverns"
					}
				}
			}
		}
	},
	"rewards" :{
		"function" :"biome_advancements:system_use/advent_of_ascension_3_get"
	},
	"neoforge:conditions": [
		{
			"type": "neoforge:mod_loaded",
			"modid": "aoa3"
		}
	]
}