{
	"display": {
		"icon": {
			"id": "aoa3:white_celevus_leaves"
		},
		"title": {"translate":"biome.aoa3.floating_big_top","fallback": "Floating Big Top"},
		"description": {"color":"gray","translate":"description.biome_advancements.aoa3.floating_big_top","with": [{"translate": "biome.aoa3.floating_big_top","fallback":"Floating Big Top"}],"fallback":"Explore %s, it is in The Celeve dimension"},
		"frame": "task",
		"announce_to_chat": true
	},
	"parent": "biome_advancements:advent_of_ascension_3/advent_of_ascension_3",
	"criteria": {
		"aoa3:floating_big_top": {
			"trigger": "minecraft:location",
			"conditions": {
				"player": {
					"location": {
						"biomes": "aoa3:floating_big_top"
					}
				}
			}
		}
	},
	"rewards" :{
		"function" :"biome_advancements:system_use/advent_of_ascension_3_get"
	},
	"neoforge:conditions": [
		{
			"type": "neoforge:mod_loaded",
			"modid": "aoa3"
		}
	]
}