{
	"display": {
		"icon": {
			"id": "aoa3:archaic_light"
		},
		"title": {"translate":"biome.aoa3.nowhere","fallback":"Nowhere"},
		"description": {"color":"gold","translate":"description.biome_advancements.aoa3.nowhere","with": [{"translate": "biome.aoa3.nowhere","fallback":"Nowhere"}],"fallback":"Go to the %s dimension"},
		"frame": "task",
		"announce_to_chat": true
	},
	"parent": "biome_advancements:advent_of_ascension_3/advent_of_ascension_3",
	"criteria": {
		"aoa3:nowhere": {
			"trigger": "minecraft:location",
			"conditions": {
				"player": {
					"location": {
						"biomes": "aoa3:nowhere"
					}
				}
			}
		}
	},
	"rewards" :{
		"function" :"biome_advancements:system_use/advent_of_ascension_3_get"
	},
	"neoforge:conditions": [
		{
			"type": "neoforge:mod_loaded",
			"modid": "aoa3"
		}
	]
}