{
	"display": {
		"icon": {
			"id": "aoa3:stranglewood_log"
		},
		"title": {"translate":"biome.aoa3.precasian_tall_forest","fallback": "Precasian Tall Forest"},
		"description": {"color":"green","translate":"description.biome_advancements.aoa3.precasian_tall_forest","with": [{"translate": "biome.aoa3.precasian_tall_forest","fallback":"Precasian Tall Forest"}],"fallback":"Explore %s, it is in Precasia dimension"},
		"frame": "task",
		"announce_to_chat": true
	},
	"parent": "biome_advancements:advent_of_ascension_3/precasian_forest",
	"criteria": {
		"aoa3:precasian_tall_forest": {
			"trigger": "minecraft:location",
			"conditions": {
				"player": {
					"location": {
						"biomes": "aoa3:precasian_tall_forest"
					}
				}
			}
		}
	},
	"rewards" :{
		"function" :"biome_advancements:system_use/advent_of_ascension_3_get"
	},
	"neoforge:conditions": [
		{
			"type": "neoforge:mod_loaded",
			"modid": "aoa3"
		}
	]
}