{
	"display": {
		"icon": {
			"id": "minecraft:sand"
		},
		"title": {"translate":"biome.aoa3.precasian_desert","fallback": "Precasian Desert"},
		"description": {"color":"yellow","translate":"description.biome_advancements.aoa3.precasian_desert","with": [{"translate": "biome.aoa3.precasian_desert","fallback":"Precasian Desert"}],"fallback":"Explore %s, it is in Precasia dimension"},
		"frame": "task",
		"announce_to_chat": true
	},
	"parent": "biome_advancements:advent_of_ascension_3/advent_of_ascension_3",
	"criteria": {
		"aoa3:precasian_desert": {
			"trigger": "minecraft:location",
			"conditions": {
				"player": {
					"location": {
						"biomes": "aoa3:precasian_desert"
					}
				}
			}
		}
	},
	"rewards" :{
		"function" :"biome_advancements:system_use/advent_of_ascension_3_get"
	},
	"neoforge:conditions": [
		{
			"type": "neoforge:mod_loaded",
			"modid": "aoa3"
		}
	]
}