{
	"display": {
		"icon": {
			"id": "aoa3:precasian_soil"
		},
		"title": {"translate":"biome.aoa3.precasian_ocean","fallback": "Precasian Ocean"},
		"description": {"color":"blue","translate":"description.biome_advancements.aoa3.precasian_ocean","with": [{"translate": "biome.aoa3.precasian_ocean","fallback":"Precasian Ocean"}],"fallback":"Explore %s, it is in Precasia dimension"},
		"frame": "task",
		"announce_to_chat": true
	},
	"parent": "biome_advancements:advent_of_ascension_3/advent_of_ascension_3",
	"criteria": {
		"aoa3:precasian_ocean": {
			"trigger": "minecraft:location",
			"conditions": {
				"player": {
					"location": {
						"biomes": "aoa3:precasian_ocean"
					}
				}
			}
		}
	},
	"rewards" :{
		"function" :"biome_advancements:system_use/advent_of_ascension_3_get"
	},
	"neoforge:conditions": [
		{
			"type": "neoforge:mod_loaded",
			"modid": "aoa3"
		}
	]
}