{
	"display": {
		"icon": {
			"id": "aoa3:darkened_rock"
		},
		"title": {"translate":"biome.aoa3.the_silent_forest","fallback": "The Silent Forest"},
		"description": {"color":"gray","translate":"description.biome_advancements.aoa3.the_silent_forest","with": [{"translate": "biome.aoa3.the_silent_forest","fallback":"The Silent Forest"}],"fallback":"Explore %s, it is in Dustopia dimension"},
		"frame": "task",
		"announce_to_chat": true
	},
	"parent": "biome_advancements:advent_of_ascension_3/advent_of_ascension_3",
	"criteria": {
		"aoa3:the_silent_forest": {
			"trigger": "minecraft:location",
			"conditions": {
				"player": {
					"location": {
						"biomes": "aoa3:the_silent_forest"
					}
				}
			}
		}
	},
	"rewards" :{
		"function" :"biome_advancements:system_use/advent_of_ascension_3_get"
	},
	"neoforge:conditions": [
		{
			"type": "neoforge:mod_loaded",
			"modid": "aoa3"
		}
	]
}