{
	"display": {
		"icon": {
			"id": "aoa3:baronyte_ore"
		},
		"title": {"translate":"biome.aoa3.the_spears","fallback": "The Spears"},
		"description": {"color":"red","translate":"description.biome_advancements.aoa3.the_spears","with": [{"translate": "biome.aoa3.the_spears","fallback":"The Spears"}],"fallback":"Explore %s, it is in Barathos dimension"},
		"frame": "task",
		"announce_to_chat": true
	},
	"parent": "biome_advancements:advent_of_ascension_3/advent_of_ascension_3",
	"criteria": {
		"aoa3:the_spears": {
			"trigger": "minecraft:location",
			"conditions": {
				"player": {
					"location": {
						"biomes": "aoa3:the_spears"
					}
				}
			}
		}
	},
	"rewards" :{
		"function" :"biome_advancements:system_use/advent_of_ascension_3_get"
	},
	"neoforge:conditions": [
		{
			"type": "neoforge:mod_loaded",
			"modid": "aoa3"
		}
	]
}