{
	"display": {
		"icon": {
			"id": "minecraft:petrified_oak_slab"
		},
		"title": {"translate":"title.biome_advancements.crafting_plus_plus","fallback":"JEBA: Crafting＋＋"},
		"description": {"color":"green","translate":"description.biome_advancements.crafting_plus_plus","fallback":"Large exploratory datapacks"},
		"frame": "task",
		"announce_to_chat": false,
		"show_toast": false,
		"background": "cpp:textures/block/machine/block_breaker_bottom.png"
	},
	"criteria": {
		"cpp": {
			"trigger": "minecraft:impossible"
		}
	},
	"rewards": {
		"function": "biome_advancements:system_use/crafting_plus_plus_reward"
	}
}