{
	"display": {
		"icon": {
			"id": "minecraft:dark_oak_sapling",
			"components": {
				"minecraft:custom_model_data": 12973201
			}
		},
		"title": {"translate":"title.biome_advancements.crafting_plus_plus.flower","fallback":"Flower"},
		"description": {"color":"green","translate":"description.biome_advancements.crafting_plus_plus.flower","with": [{"translate": "biome.app.flower","fallback":"Flower"}],"fallback":"Go to %s"},
		"frame": "task",
		"announce_to_chat": true
	},
	"parent": "biome_advancements:crafting_plus_plus/crafting_plus_plus",
	"criteria": {
		"cpp:flower": {
			"trigger": "minecraft:location",
			"conditions": {
				"player": {
					"location": {
						"biomes": "cpp:flower"
					}
				}
			}
		}
	},
	"rewards" :{
		"function" :"biome_advancements:system_use/crafting_plus_plus_get"
	},
	"neoforge:conditions": [
		{
			"type": "neoforge:mod_loaded",
			"modid": "cpp"
		}
	]
}