{
	"display": {
		"icon": {
			"id": "natures_spirit:yellow_larch_leaves"
		},
		"title": {"translate":"biome.natures_spirit.amber_covert","fallback": "Amber Covert"},
		"description": {"color":"yellow","translate":"description.biome_advancements.natures_spirit.amber_covert","with": [{"translate": "biome.natures_spirit.amber_covert","fallback":"Amber Covert"}],"fallback":"Explore %s"},
		"frame": "task",
		"announce_to_chat": true
	},
	"parent": "biome_advancements:nature_s_spirit/coniferous_covert",
	"criteria": {
		"natures_spirit:amber_covert": {
			"trigger": "minecraft:location",
			"conditions": {
				"player": {
					"location": {
						"biomes": "natures_spirit:amber_covert"
					}
				}
			}
		}
	},
	"rewards" :{
		"function" :"biome_advancements:system_use/nature_s_spirit_get"
	},
	"neoforge:conditions": [
		{
			"type": "neoforge:mod_loaded",
			"modid": "natures_spirit"
		}
	]
}