{
	"display": {
		"icon": {
			"id": "natures_spirit:pink_sand"
		},
		"title": {"translate":"biome.natures_spirit.arid_highlands","fallback": "Arid Highlands"},
		"description": {"color":"red","translate":"description.biome_advancements.natures_spirit.arid_highlands","with": [{"translate": "biome.natures_spirit.arid_highlands","fallback":"Arid Highlands"}],"fallback":"Explore %s"},
		"frame": "task",
		"announce_to_chat": true
	},
	"parent": "biome_advancements:nature_s_spirit/alpine_highlands",
	"criteria": {
		"natures_spirit:arid_highlands": {
			"trigger": "minecraft:location",
			"conditions": {
				"player": {
					"location": {
						"biomes": "natures_spirit:arid_highlands"
					}
				}
			}
		}
	},
	"rewards" :{
		"function" :"biome_advancements:system_use/nature_s_spirit_get"
	},
	"neoforge:conditions": [
		{
			"type": "neoforge:mod_loaded",
			"modid": "natures_spirit"
		}
	]
}