{
	"display": {
		"icon": {
			"id": "natures_spirit:ruby_blossoms"
		},
		"title": {"translate":"biome.natures_spirit.blooming_highlands","fallback": "Blooming Highlands"},
		"description": {"color":"green","translate":"description.biome_advancements.natures_spirit.blooming_highlands","with": [{"translate": "biome.natures_spirit.blooming_highlands","fallback":"Blooming Highlands"}],"fallback":"Explore %s"},
		"frame": "task",
		"announce_to_chat": true
	},
	"parent": "biome_advancements:nature_s_spirit/blooming_dunes",
	"criteria": {
		"natures_spirit:blooming_highlands": {
			"trigger": "minecraft:location",
			"conditions": {
				"player": {
					"location": {
						"biomes": "natures_spirit:blooming_highlands"
					}
				}
			}
		}
	},
	"rewards" :{
		"function" :"biome_advancements:system_use/nature_s_spirit_get"
	},
	"neoforge:conditions": [
		{
			"type": "neoforge:mod_loaded",
			"modid": "natures_spirit"
		}
	]
}