{
	"display": {
		"icon": {
			"id": "natures_spirit:travertine"
		},
		"title": {"translate":"biome.natures_spirit.floral_ridges","fallback": "Floral Ridges"},
		"description": {"color":"green","translate":"description.biome_advancements.natures_spirit.floral_ridges","with": [{"translate": "biome.natures_spirit.floral_ridges","fallback":"Floral Ridges"}],"fallback":"Explore %s"},
		"frame": "task",
		"announce_to_chat": true
	},
	"parent": "biome_advancements:nature_s_spirit/nature_s_spirit",
	"criteria": {
		"natures_spirit:floral_ridges": {
			"trigger": "minecraft:location",
			"conditions": {
				"player": {
					"location": {
						"biomes": "natures_spirit:floral_ridges"
					}
				}
			}
		}
	},
	"rewards" :{
		"function" :"biome_advancements:system_use/nature_s_spirit_get"
	},
	"neoforge:conditions": [
		{
			"type": "neoforge:mod_loaded",
			"modid": "natures_spirit"
		}
	]
}