{
	"display": {
		"icon": {
			"id": "natures_spirit:cypress_log"
		},
		"title": {"translate":"biome.natures_spirit.flowering_shrubland","fallback": "Flowering Shrubland"},
		"description": {"color":"green","translate":"description.biome_advancements.natures_spirit.flowering_shrubland","with": [{"translate": "biome.natures_spirit.flowering_shrubland","fallback":"Flowering Shrubland"}],"fallback":"Explore %s"},
		"frame": "task",
		"announce_to_chat": true
	},
	"parent": "biome_advancements:nature_s_spirit/shrubland",
	"criteria": {
		"natures_spirit:flowering_shrubland": {
			"trigger": "minecraft:location",
			"conditions": {
				"player": {
					"location": {
						"biomes": "natures_spirit:flowering_shrubland"
					}
				}
			}
		}
	},
	"rewards" :{
		"function" :"biome_advancements:system_use/nature_s_spirit_get"
	},
	"neoforge:conditions": [
		{
			"type": "neoforge:mod_loaded",
			"modid": "natures_spirit"
		}
	]
}