{
	"display": {
		"icon": {
			"id": "natures_spirit:lavender"
		},
		"title":{"translate":"title.biome_advancements.nature_s_spirit","fallback": "Nature's Spirit"},
		"description":{"color":"green","translate":"description.biome_advancements.nature_s_spirit","fallback": "每一个群系都具有探索的意义"},
		"frame": "task",
		"announce_to_chat": false,
		"show_toast": false,
		"hidden": true
	},
	"parent": "biome_advancements:root/root",
	"criteria": {
		"natures_spirit": {
			"trigger": "minecraft:impossible"
		}
	},
	"rewards" :{
		"function" :"biome_advancements:system_use/root_get"
	}
}