{
	"display": {
		"icon": {
			"id": "minecraft:goat_horn"
		},
		"title": {"translate":"biome.natures_spirit.snowcapped_red_peaks","fallback": "Snowcapped Red Peaks"},
		"description": {"color":"white","translate":"description.biome_advancements.natures_spirit.snowcapped_red_peaks","with": [{"translate": "biome.natures_spirit.snowcapped_red_peaks","fallback":"Snowcapped Red Peaks"}],"fallback":"Explore %s"},
		"frame": "task",
		"announce_to_chat": true
	},
	"parent": "biome_advancements:nature_s_spirit/red_peaks",
	"criteria": {
		"natures_spirit:snowcapped_red_peaks": {
			"trigger": "minecraft:location",
			"conditions": {
				"player": {
					"location": {
						"biomes": "natures_spirit:snowcapped_red_peaks"
					}
				}
			}
		}
	},
	"rewards" :{
		"function" :"biome_advancements:system_use/nature_s_spirit_get"
	},
	"neoforge:conditions": [
		{
			"type": "neoforge:mod_loaded",
			"modid": "natures_spirit"
		}
	]
}