{
	"display": {
		"icon": {
			"id": "natures_spirit:mahogany_log"
		},
		"title": {"translate":"biome.natures_spirit.sparse_tropical_woods","fallback": "Sparse Tropical Woods"},
		"description": {"color":"green","translate":"description.biome_advancements.natures_spirit.sparse_tropical_woods","with": [{"translate": "biome.natures_spirit.sparse_tropical_woods","fallback":"Sparse Tropical Woods"}],"fallback":"Explore %s"},
		"frame": "task",
		"announce_to_chat": true
	},
	"parent": "biome_advancements:nature_s_spirit/tropical_woods",
	"criteria": {
		"natures_spirit:sparse_tropical_woods": {
			"trigger": "minecraft:location",
			"conditions": {
				"player": {
					"location": {
						"biomes": "natures_spirit:sparse_tropical_woods"
					}
				}
			}
		}
	},
	"rewards" :{
		"function" :"biome_advancements:system_use/nature_s_spirit_get"
	},
	"neoforge:conditions": [
		{
			"type": "neoforge:mod_loaded",
			"modid": "natures_spirit"
		}
	]
}