{
	"display": {
		"icon": {
			"id": "natures_spirit:large_lush_fern"
		},
		"title": {"translate":"biome.natures_spirit.tropical_basin","fallback": "Tropical Basin"},
		"description": {"color":"green","translate":"description.biome_advancements.natures_spirit.tropical_basin","with": [{"translate": "biome.natures_spirit.tropical_basin","fallback":"Tropical Basin"}],"fallback":"Explore %s"},
		"frame": "task",
		"announce_to_chat": true
	},
	"parent": "biome_advancements:nature_s_spirit/nature_s_spirit",
	"criteria": {
		"natures_spirit:tropical_basin": {
			"trigger": "minecraft:location",
			"conditions": {
				"player": {
					"location": {
						"biomes": "natures_spirit:tropical_basin"
					}
				}
			}
		}
	},
	"rewards" :{
		"function" :"biome_advancements:system_use/nature_s_spirit_get"
	},
	"neoforge:conditions": [
		{
			"type": "neoforge:mod_loaded",
			"modid": "natures_spirit"
		}
	]
}