{
	"display": {
		"icon": {
			"id": "natures_spirit:coconut"
		},
		"title": {"translate":"biome.natures_spirit.tropical_shores","fallback": "Tropical Shores"},
		"description": {"color":"light_purple","translate":"description.biome_advancements.natures_spirit.tropical_shores","with": [{"translate": "biome.natures_spirit.tropical_shores","fallback":"Tropical Shores"}],"fallback":"Explore %s"},
		"frame": "task",
		"announce_to_chat": true
	},
	"parent": "biome_advancements:nature_s_spirit/tropical_woods",
	"criteria": {
		"natures_spirit:tropical_shores": {
			"trigger": "minecraft:location",
			"conditions": {
				"player": {
					"location": {
						"biomes": "natures_spirit:tropical_shores"
					}
				}
			}
		}
	},
	"rewards" :{
		"function" :"biome_advancements:system_use/nature_s_spirit_get"
	},
	"neoforge:conditions": [
		{
			"type": "neoforge:mod_loaded",
			"modid": "natures_spirit"
		}
	]
}