{
	"display": {
		"icon": {
			"id": "natures_spirit:wisteria_log"
		},
		"title": {"translate":"biome.natures_spirit.wisteria_forest","fallback": "Wisteria Forest"},
		"description": {"color":"light_purple","translate":"description.biome_advancements.natures_spirit.wisteria_forest","with": [{"translate": "biome.natures_spirit.wisteria_forest","fallback":"Wisteria Forest"}],"fallback":"Explore %s"},
		"frame": "task",
		"announce_to_chat": true
	},
	"parent": "biome_advancements:nature_s_spirit/nature_s_spirit",
	"criteria": {
		"natures_spirit:wisteria_forest": {
			"trigger": "minecraft:location",
			"conditions": {
				"player": {
					"location": {
						"biomes": "natures_spirit:wisteria_forest"
					}
				}
			}
		}
	},
	"rewards" :{
		"function" :"biome_advancements:system_use/nature_s_spirit_get"
	},
	"neoforge:conditions": [
		{
			"type": "neoforge:mod_loaded",
			"modid": "natures_spirit"
		}
	]
}