{
	"display": {
		"icon": {
			"id": "natures_spirit:ghaf_log"
		},
		"title": {"translate":"biome.natures_spirit.wooded_drylands","fallback": "Wooded Drylands"},
		"description": {"color":"green","translate":"description.biome_advancements.natures_spirit.wooded_drylands","with": [{"translate": "biome.natures_spirit.wooded_drylands","fallback":"Wooded Drylands"}],"fallback":"Explore %s"},
		"frame": "task",
		"announce_to_chat": true
	},
	"parent": "biome_advancements:nature_s_spirit/drylands",
	"criteria": {
		"natures_spirit:wooded_drylands": {
			"trigger": "minecraft:location",
			"conditions": {
				"player": {
					"location": {
						"biomes": "natures_spirit:wooded_drylands"
					}
				}
			}
		}
	},
	"rewards" :{
		"function" :"biome_advancements:system_use/nature_s_spirit_get"
	},
	"neoforge:conditions": [
		{
			"type": "neoforge:mod_loaded",
			"modid": "natures_spirit"
		}
	]
}