{
	"display": {
		"icon": {
			"id": "minecraft:lime_stained_glass"
		},
		"title": {"translate":"biome.bracken.fabricylum","fallback":"Fabricylum"},
		"description": {"color":"green","translate":"description.biome_advancements.bracken.fabricylum","with": [{"translate": "biome.bracken.fabricylum","fallback":"Fabricylum"}],"fallback":"Explore %s, it is in Varskspace dimension biome, it is in Omnidrome dimension"},
		"frame": "task",
		"announce_to_chat": true
	},
	"parent": "biome_advancements:bracken_pack/bracken_pack",
	"criteria": {
		"bracken:fabricylum": {
			"trigger": "minecraft:location",
			"conditions": {
				"player": {
					"location": {
						"biomes": "bracken:fabricylum"
					}
				}
			}
		}
	},
	"rewards" :{
		"function" :"biome_advancements:system_use/bracken_pack_get"
	},
	"neoforge:conditions": [
		{
			"type": "neoforge:mod_loaded",
			"modid": "bracken"
		}
	]
}