{
	"display": {
		"icon": {
			"id": "minecraft:yellow_stained_glass"
		},
		"title": {"translate":"biome.bracken.malvergent_zone","fallback":"Malvergent Zone"},
		"description": {"color":"green","translate":"description.biome_advancements.bracken.malvergent_zone","with": [{"translate": "biome.bracken.malvergent_zone","fallback":"Malvergent Zone"}],"fallback":"Explore %s, it is in Varskspace dimension biome, it is in Omnidrome dimension"},
		"frame": "task",
		"announce_to_chat": true
	},
	"parent": "biome_advancements:bracken_pack/bracken_pack",
	"criteria": {
		"bracken:malvergent_zone": {
			"trigger": "minecraft:location",
			"conditions": {
				"player": {
					"location": {
						"biomes": "bracken:malvergent_zone"
					}
				}
			}
		}
	},
	"rewards" :{
		"function" :"biome_advancements:system_use/bracken_pack_get"
	},
	"neoforge:conditions": [
		{
			"type": "neoforge:mod_loaded",
			"modid": "bracken"
		}
	]
}