{
	"display": {
		"icon": {
			"id": "minecraft:vault"
		},
		"title": {"translate":"title.biome_advancements.root.root","fallback": "Just Enough Biome Advancements"},
		"description": {"color":"green","translate":"description.biome_advancements.root.root", "fallback": "use command/trigger biome_advancements_settings to enter the settings screen"},
		"background": "minecraft:textures/block/vault_top.png",
		"show_toast": false,
		"announce_to_chat": false
	},
	"criteria": {
		"thank you download just enough biome advancements": {
			"trigger": "minecraft:impossible"
		}
	},
	"rewards" :{
		"function" :"biome_advancements:system_use/root_rewards"
	}
}