{
	"display": {
		"icon": {
			"id": "minecraft:yellow_concrete_powder"
		},
		"title": {"translate":"biome.bracken.bezerium","fallback":"Bezerium"},
		"description": {"color":"yellow","translate":"description.biome_advancements.bracken.bezerium","fallback":"造访Bezerium，位于梦境之狱维度"},
		"frame": "task",
		"announce_to_chat": true
	},
	"parent": "biome_advancements:bracken_pack/bracken_pack",
	"criteria": {
		"bracken:dormis/bezerium": {
			"trigger": "minecraft:location",
			"conditions": {
				"player": {
					"location": {
						"biomes": "bracken:dormis/bezerium"
					}
				}
			}
		}
	},
	"rewards" :{
		"function" :"biome_advancements:system_use/bracken_pack_get"
	},
	"neoforge:conditions": [
		{
			"type": "neoforge:mod_loaded",
			"modid": "bracken"
		}
	]
}