{
	"display": {
		"icon": {
			"id": "minecraft:crying_obsidian"
		},
		"title": {"translate":"biome.bracken.kedeshium","fallback":"Kedeshium"},
		"description": {"color":"dark_purple","translate":"description.biome_advancements.bracken.kedeshium","fallback":"造访Kedeshium，位于梦境之狱维度"},
		"frame": "task",
		"announce_to_chat": true
	},
	"parent": "biome_advancements:bracken_pack/bracken_pack",
	"criteria": {
		"bracken:dormis/kedeshium": {
			"trigger": "minecraft:location",
			"conditions": {
				"player": {
					"location": {
						"biomes": "bracken:dormis/kedeshium"
					}
				}
			}
		}
	},
	"rewards" :{
		"function" :"biome_advancements:system_use/bracken_pack_get"
	},
	"neoforge:conditions": [
		{
			"type": "neoforge:mod_loaded",
			"modid": "bracken"
		}
	]
}